20020117
00010113
20001197
81018193
0040006f
694132ef
000155b7
20000537
05c00613
21858593
00050513
7b4130ef
00016637
00000593
b3460613
84418513
7c4130ef
20000537
05c50513
06d130ef
00d130ef
00000593
00000513
0a4000ef
0000006f
00000000
00000000
00000000
00000000
00000000
00000000
00000000
00000000
00000000
00000000
00000000
00000000
00000000
00000000
00000000
00000000
00000000
00000000
00000000
00000000
00000000
00000000
00000000
00000000
00000000
00000000
00000000
00000000
00000000
00000000
00000000
00000000
00000000
00000000
00000000
00000000
00000000
00000000
00000000
000137b7
58078793
0017e793
30579073
7941206f
00000513
00008067
00052783
00078a63
00c52703
00850613
00c00813
00c71663
00000513
00008067
00c72503
00000793
00f506b3
0346c883
00f586b3
0006c683
01169863
00068a63
00178793
ff0792e3
00472703
fc9ff06f
fe050ce3
00008067
fe010113
00812c23
00112e23
00912a23
01212823
01312623
01412423
01512223
00050413
30047073
20000a37
01ca2783
00178793
00fa2e23
8701a703
c5018493
00170713
86e1a823
8801a703
10071e63
88a1a023
8701a703
00100793
04f71a63
c5018913
0b448a93
00090513
01490913
1e9020ef
ff2a9ae3
c3c18513
1dd020ef
c2818513
1d5020ef
c1418513
1cd020ef
c0018513
1c5020ef
bec18513
1bd020ef
c3c18a93
8751ae23
c2818913
8721ac23
8541a783
8681a603
00178793
84f1aa23
02c42703
04f42023
00100793
00e797b3
00c7e7b3
86f1a423
00271793
00e787b3
00279793
00f487b3
0047a703
00440693
00872603
00e42423
00c42623
00d62223
00d72423
0007a703
00f42a23
00170713
00e7a023
01ca2783
fff78793
00fa2e23
00079463
30046073
8641a783
00078c63
8801a783
02c7a703
02c42783
00f77463
00000073
01c12083
01812403
01412483
01012903
00c12983
00812a03
00412a83
02010113
00008067
8641a783
f40792e3
8801a783
02c7a703
02c52783
f2e7eae3
88a1a023
f2dff06f
fe010113
01312623
86c1a983
00812c23
01412423
87c1aa03
00912a23
01512223
00050493
8781aa83
8801a783
8801a503
01212823
00112e23
06078023
00450513
00058913
131020ef
02051263
8801a783
8681a683
02c7a603
00100793
00c797b3
fff7c793
00d7f7b3
86f1a423
fff00793
06f49a63
06090863
bec18793
0047a703
8801a683
00872603
00e6a423
8801a683
00c6a623
8801a683
00468693
00d62223
8801a683
00468693
00d72423
8801a703
00f72a23
0007a703
00170713
00e7a023
01c12083
01812403
01412483
01012903
00c12983
00812a03
00412a83
02010113
00008067
8801a783
8801a583
009984b3
0097a223
00458593
0334f663
01812403
01c12083
01412483
01012903
00c12983
00812a03
000a8513
00412a83
02010113
0050206f
000a0513
7fc020ef
8501a703
f8e4f8e3
8491a823
f89ff06f
87c1a783
0007a683
00069863
fff00713
84e1a823
00008067
87c1a703
00c72703
00072703
fedff06f
ff010113
00812423
00112623
00050413
00051c63
000015b7
00014537
cdc58593
0f850513
060120ef
01442703
bec18793
00000513
02f71a63
02842703
c1418793
02f70463
02071263
05c44703
00100793
00f70c63
05d44703
00f70863
05e44503
fff50513
00a03533
00c12083
00812403
01010113
00008067
05f54783
02079863
ff010113
00812423
00050413
03052503
00112623
13c060ef
00040513
00812403
00c12083
01010113
1280606f
00100713
fee78ce3
00200713
00e78c63
000025b7
00014537
92e58593
0f850513
7b91106f
00008067
fe010113
00812c23
00912a23
01212823
01312623
00112e23
01412423
20000437
8741a783
02079263
01c12083
01812403
01412483
01012903
00c12983
00812a03
02010113
00008067
30047073
01c42783
00178793
00f42e23
c0018793
00c7a783
00c7aa03
004a0513
6d4020ef
8701a783
fff78793
86f1a823
8741a783
fff78793
86f1aa23
01c42783
fff78793
00f42e23
00079463
30046073
000a0513
f09ff0ef
f81ff06f
ff010113
00112623
f55ff0ef
ffdff06f
fe010113
01412423
00050a13
03082503
01212823
00261913
01612023
00090613
00058b13
0a500593
00812c23
00912a23
01312623
01512223
00078993
00080413
00112e23
00068a93
00070493
1d0130ef
03042783
ffc90913
01278933
ff097913
020b0663
00000713
00c00693
00eb07b3
0007c783
00e40633
02f60a23
00078663
00170713
fed714e3
02040fa3
00800b13
009b7c63
00014537
76400593
0f850513
65d110ef
000b0493
00440513
02942623
04942423
550020ef
01840513
548020ef
00900793
409787b3
00842823
00f42c23
02842223
000a8613
000a0593
00090513
314120ef
00a42023
00098463
0089a023
01c12083
01812403
01412483
01012903
00c12983
00812a03
00412a83
00012b03
02010113
00008067
fd010113
02812423
02912223
03212023
01312e23
01412c23
01512a23
01612823
02112623
00012423
00050913
00058993
00060a13
00068a93
00070b13
00078493
00080413
00079a63
00014537
4f100593
0f850513
591110ef
00041a63
00014537
4f200593
0f850513
57d110ef
06400793
00f12623
00c12703
00f70a63
00014537
4fa00593
0f850513
55d110ef
00c12783
04040663
04048463
06400613
00000593
00040513
060130ef
00200793
04f40fa3
00090513
02942823
00040813
00810793
000b0713
000a8693
000a0613
00098593
e19ff0ef
00040513
99dff0ef
02c12083
02812403
00812503
02412483
02012903
01c12983
01812a03
01412a83
01012b03
03010113
00008067
fd010113
01312e23
00050993
00261513
03212023
01412c23
01512a23
01612823
01712623
02112623
02812423
02912223
00058a13
00060913
00068a93
00070b13
00078b93
375050ef
08050463
00050493
06400513
365050ef
00050413
06050663
06400613
00000593
795120ef
00040813
000b8793
000b0713
000a8693
00090613
000a0593
00098513
02942823
d55ff0ef
00040513
8d9ff0ef
00100513
02c12083
02812403
02412483
02012903
01c12983
01812a03
01412a83
01012b03
00c12b83
03010113
00008067
00048513
55d050ef
fff00513
fc9ff06f
fe010113
00112e23
00812c23
00912a23
01212823
01312623
01412423
30047073
200004b7
01c4a783
00050413
00178793
00f4ae23
00051463
8801a403
00440993
00098513
34c020ef
02051e63
02c42683
c5018793
00269713
00d70733
00271713
00e787b3
0007a783
00079e63
8681a603
00100793
00d797b3
fff7c793
00c7f7b3
86f1a423
02842783
00078663
01840513
300020ef
8541a783
00178793
84f1aa23
8801a783
8641a703
08070a63
08879863
00098593
c0018513
25c020ef
8741a783
00178793
86f1aa23
00100713
01c4a783
fff78793
00f4ae23
00079463
30046073
00071663
00040513
b11ff0ef
8641a783
02078663
8801a783
02879263
8481a783
00078c63
000015b7
00014537
91458593
0f850513
2f1110ef
00000073
01c12083
01812403
01412483
01012903
00c12983
00812a03
02010113
00008067
8701a783
fff78793
86f1a823
a11ff0ef
00000713
f7dff06f
ff010113
00812423
00112623
00050413
00051c63
000015b7
00014537
9c058593
0f850513
28d110ef
8801a783
00000513
06878a63
30047073
87c1a603
8781a683
20000737
01c72703
01442783
02842583
00071463
30046073
c1418713
00100513
04e58263
00200513
02c78e63
02d78c63
bec18713
04e79063
02842783
02079463
05c44703
00100793
00f70e63
05d44703
00f70a63
05e44503
fff50513
00a03533
00250513
00c12083
00812403
01010113
00008067
c0018713
00400513
fee784e3
0017b793
40f007b3
0037f513
00150513
fd5ff06f
30047073
200007b7
01c7a783
00051463
8801a503
02c52503
00079463
30046073
00008067
fe010113
00812c23
00912a23
00112e23
01212823
01312623
01412423
01512223
00800493
00050413
00b4fe63
000015b7
00014537
ada58593
0f850513
17d110ef
00048593
30047073
20000a37
01ca2783
00178793
00fa2e23
00041463
8801a403
04842783
0ef58463
10b7fe63
8801a683
00000493
00868863
8801a703
02c72483
00b4b4b3
02c42983
01378463
00b9f463
02b42623
01842783
04b42423
0007c863
00900793
40b787b3
00f42c23
00299713
01370733
c5018693
00271713
00d70733
01442683
c5018913
06e69e63
00440a93
000a8513
070020ef
00051e63
8681a683
00100793
013797b3
fff7c793
00d7f7b3
86f1a423
02c42683
8681a603
00100793
00d797b3
00c7e7b3
86f1a423
00269793
00d787b3
00279793
00f907b3
0047a703
00872683
00e42423
00d42623
0156a223
01572423
0007a703
00f42a23
00170713
00e7a023
00048463
00000073
01ca2783
fff78793
00fa2e23
00079463
30046073
01c12083
01812403
01412483
01012903
00c12983
00812a03
00412a83
02010113
00008067
8801a483
408484b3
0014b493
ef5ff06f
fe010113
00812c23
00112e23
00912a23
01212823
01312623
00050413
00051c63
000015b7
00014537
d2058593
0f850513
7f4110ef
8801a783
0a878663
0a040463
30047073
200004b7
01c4a783
00040513
00178793
00f4ae23
f48ff0ef
06050a63
00440993
00098513
749010ef
02c42683
8681a603
00100793
00d797b3
00c7e7b3
86f1a423
00269713
00d70733
00271713
c5018793
00e787b3
0047a703
00872603
00e42423
00c42623
01362223
01372423
0007a703
00f42a23
00170713
00e7a023
8801a783
02c7a783
00d7f463
00000073
01c4a783
fff78793
00f4ae23
00079463
30046073
01c12083
01812403
01412483
01012903
00c12983
02010113
00008067
fd010113
000147b7
02112623
10c78793
01410713
0007c683
00170713
00178793
fed70fa3
fe0698e3
01010613
00c10593
00810513
00012423
00012623
74c110ef
00c12783
00812803
01012603
00000713
00000693
01410593
5d800513
8e5ff0ef
84a1a623
02050463
4b1030ef
00100713
fff00793
02e51663
30047073
84f1a823
86a1a223
8601a623
1ed050ef
02c12083
000157b7
20c7a783
03010113
00008067
fef516e3
000015b7
00014537
ea958593
0f850513
670110ef
fd5ff06f
8481a783
00178793
84f1a423
00008067
86c1a503
00008067
86c1a503
00008067
8701a503
00008067
8481a783
ff010113
00112623
00812423
00912223
1a079c63
86c1a403
00140413
8681a623
04041263
87c1a783
0007a783
00078c63
000015b7
00014537
25f58593
0f850513
5fc110ef
87c1a703
8781a683
86d1ae23
86e1ac23
8581a783
00178793
84f1ac23
d30ff0ef
8501a783
c5018693
00000493
00f46e63
00100e93
87c1a783
0007a783
06079063
fff00793
84f1a823
8801a783
02c7a703
00271793
00e787b3
00279793
00f686b3
0006a503
8601a783
00253513
00154413
00079463
580110ef
85c1a783
00f037b3
00f46533
00956533
00c12083
00812403
00412483
01010113
00008067
87c1a783
00c7a783
00c7a783
0047a703
00e47663
84e1a823
f95ff06f
0087a583
00c7a603
0147a703
00478513
00c5a423
00b62223
00472583
00a59463
00c72223
00072603
0007aa23
fff60613
00c72023
0287a703
02070a63
01c7a583
0207a603
00472f03
00c5a423
00b62223
01878593
00bf1463
00c72223
00072603
0207a423
fff60613
00c72023
02c7a603
8681a583
00ce9733
00b76733
86e1a423
00261713
00c70733
00271713
00e68733
00472583
0085af03
00b7a423
01e7a623
00af2223
00a5a423
00e7aa23
00072783
00178793
00f72023
8801a783
02c7a783
00c7b633
00c4e4b3
eb5ff06f
8601a783
00178793
86f1a023
464110ef
00000513
ef1ff06f
fe010113
00112e23
00812c23
00912a23
01212823
01312623
01412423
30047073
20000437
01c42783
00178793
00f42e23
8481a783
00079c63
000015b7
00014537
f8b58593
0f850513
414110ef
8481a783
fff78793
84f1a423
8481a783
02078e63
00000513
01c42783
fff78793
00f42e23
00079463
30046073
01c12083
01812403
01412483
01012903
00c12983
00812a03
02010113
00008067
8701a783
fc0782e3
00000793
00100813
0d00006f
00c72783
00c7a783
0287a703
01c7a603
0207a683
00472583
00d62423
00c6a223
01878613
00c59463
00d72223
00072683
0207a423
fff68693
00d72023
0087a603
00c7a683
0147a703
00478593
00d62423
00c6a223
00472603
00b61463
00d72223
00072683
02c7a603
fff68693
00d72023
8681a683
00c81733
00d76733
00261693
00c686b3
86e1a423
00269693
c5018713
00d70733
00472683
0086af03
00d7a423
01e7a623
00bf2223
00b6a423
00072683
00e7aa23
00168693
00d72023
8801a703
02c72703
00c77463
8501ae23
c1418713
00072683
f20696e3
00078463
a28ff0ef
8601a483
02048063
00100a13
c85ff0ef
00050463
8541ae23
fff48493
fe0498e3
8601a023
85c1a783
ea0786e3
8801a783
00000073
00100513
ea1ff06f
ff010113
00812423
00912223
00112623
01212023
00050493
00058413
00051c63
000015b7
00014537
92f58593
0f850513
264110ef
00041c63
000015b7
00014537
93058593
0f850513
24c110ef
be1ff0ef
86c1a903
8481a703
00100793
00f70c63
000015b7
00014537
93858593
0f850513
224110ef
0004a703
00870533
00e536b3
02e97c63
02069c63
00a4a023
00000413
da9ff0ef
00051463
00000073
00c12083
00040513
00812403
00412483
00012903
01010113
00008067
00069463
fca976e3
00a4a023
00000593
41250533
fe1fe0ef
00100413
fbdff06f
00051663
00000073
00008067
ff010113
00812423
00112623
00050413
b39ff0ef
8481a703
00100793
00f70c63
000015b7
00014537
98e58593
0f850513
180110ef
00000593
00040513
f8dfe0ef
d15ff0ef
00051463
00000073
00c12083
00812403
01010113
00008067
fe010113
00912a23
00112e23
00812c23
01212823
01312623
00050493
494120ef
00b00793
00a7fc63
000015b7
00014537
0af58593
0f850513
11c110ef
ab1ff0ef
cf018913
c5018993
00048593
00090513
d3dfe0ef
00050413
04051c63
fec90793
07391a63
87c1a503
00048593
d21fe0ef
00050413
02051e63
8781a503
00048593
d0dfe0ef
00050413
02051463
00048593
bec18513
cf9fe0ef
00050413
00051a63
00048593
c0018513
ce5fe0ef
00050413
c49ff0ef
01c12083
00040513
01812403
01412483
01012903
00c12983
02010113
00008067
00078913
f71ff06f
8481a783
ff010113
00812423
00112623
00050413
00078c63
000015b7
00014537
1ca58593
0f850513
050110ef
9e5ff0ef
30047073
200007b7
01c7a683
8601a783
00878533
86a1a023
00069463
30046073
00812403
00c12083
01010113
bc1ff06f
ff010113
00812423
00112623
00912223
01212023
00050413
00051c63
000015b7
00014537
1e758593
0f850513
7ed100ef
981ff0ef
00040513
d30ff0ef
00200793
00000493
0af51a63
00440913
00090513
754010ef
30047073
200004b7
01c4a783
00178793
00f4ae23
02842783
00078a63
01840513
730010ef
00100793
06f40023
01c4a783
fff78793
00f4ae23
00079463
30046073
02c42683
8681a583
00100613
00d617b3
00b7e7b3
86f1a423
00269713
00d70733
00271713
c5018793
00e787b3
0047a703
00872583
00e42423
00b42623
0125a223
01272423
0007a703
00f42a23
00c70733
00e7a023
8801a783
02c7a783
02d7e463
00100493
ac5ff0ef
00c12083
00812403
00012903
00048513
00412483
01010113
00008067
84c1ae23
fd9ff06f
8481a703
00070863
00100713
84e1ae23
00008067
fe010113
01212823
8401ae23
8801a783
a5a5a737
00112e23
0307a783
00812c23
00912a23
0007a603
01312623
5a570713
00e61e63
0047a683
00c69a63
0087a703
00d71663
00c7a783
00e78a63
8801a583
8801a503
03458593
66d100ef
8681a503
01f00993
79d110ef
40a989b3
00299413
01340733
c5018793
00271713
00e787b3
0007a783
c5018493
00079c63
000015b7
00014537
3fa58593
0f850513
649100ef
01340433
00241413
00848733
00472783
00840413
008484b3
0047a783
00f72223
00979663
00c72783
00f72223
00c7a783
01c12083
01812403
88f1a023
8801a783
01412483
01012903
00c12983
02010113
00008067
fe010113
00112e23
00812c23
00912a23
01212823
01312623
01412423
01512223
30047073
200004b7
01c4a783
00050413
00178793
00f4ae23
00051463
8801a403
00440993
00098513
534010ef
02051e63
02c42683
c5018793
00269713
00d70733
00271713
00e787b3
0007a783
00079e63
8681a603
00100793
00d797b3
fff7c793
00c7f7b3
86f1a423
02842783
00078663
01840513
4e8010ef
00098593
bec18513
460010ef
05c44703
00100793
00f71463
04040e23
05d44703
00f71463
04040ea3
05e44703
00100793
00f71463
04040f23
01c4a783
fff78793
00f4ae23
00079463
30046073
8641a783
00078e63
30047073
01c4aa83
c51fe0ef
0154ae23
000a9463
30046073
8801a783
02879663
8641a783
04078463
8481a783
00078c63
000015b7
00014537
ca858593
0f850513
4c5100ef
00000073
01c12083
01812403
01412483
01012903
00c12983
00812a03
00412a83
02010113
00008067
8701a703
bec1a783
00f71663
8801a023
fcdff06f
01812403
01c12083
01412483
01012903
00c12983
00812a03
00412a83
02010113
d6dff06f
ff010113
00812423
00912223
00112623
00050413
00058493
00051c63
000015b7
00014537
48058593
0f850513
435100ef
8801a583
00040513
01858593
360010ef
00812403
00c12083
00048513
00412483
00100593
01010113
a21fe06f
ff010113
00812423
00912223
01212023
00112623
00050413
00058493
00060913
00051c63
000015b7
00014537
49e58593
0f850513
3d1100ef
8481a783
00079c63
000015b7
00014537
4a258593
0f850513
3b5100ef
8801a703
800006b7
00d4e4b3
00972c23
8801a683
00442703
00c12083
00412483
00872603
00e6ae23
8801a683
00090513
00012903
02c6a023
8801a683
00100593
01868693
00d62223
8801a683
8801a783
01868693
00d72423
0287a423
00042783
00178793
00f42023
00812403
01010113
959fe06f
ff010113
00812423
00912223
01212023
00112623
00050413
00058493
00060913
00051c63
000015b7
00014537
4be58593
0f850513
309100ef
00442703
8801a683
00872603
00e6ae23
8801a683
02c6a023
8801a683
01868693
00d62223
8801a683
8801a783
01868693
00d72423
0287a423
00042783
00178793
00f42023
00090463
fff00493
00812403
00c12083
00090593
00048513
00012903
00412483
01010113
8b5fe06f
00c52783
ff010113
00812423
00c7a403
00112623
00041c63
000015b7
00014537
4f558593
0f850513
271100ef
01c42683
02042703
02842783
01840613
00e6a423
00d72223
0047a683
00c69463
00e7a223
0007a703
02042423
02c42683
fff70713
00e7a023
8481a783
0a079663
01442783
00842603
00c42703
0047a583
00e62423
00c72223
00440613
00c59463
00e7a223
0007a703
fff70713
00e7a023
8681a583
00100793
00d797b3
00b7e7b3
86f1a423
00269713
00d70733
00271713
c5018793
00e787b3
0047a703
00872583
00e42423
00b42623
00c5a223
00c72423
00f42a23
0007a703
00000513
00170713
00e7a023
8801a783
02c7a783
00d7f663
00100513
84a1ae23
00c12083
00812403
01010113
00008067
c1418793
0047a703
00872583
00e42e23
02b42023
00c5a223
00c72423
02f42423
fadff06f
8481a783
ff010113
00812423
00912223
00112623
00050493
00058413
00079c63
000015b7
00014537
54358593
0f850513
131100ef
800007b7
00f46433
0084a023
00c4a403
00041c63
000015b7
00014537
54e58593
0f850513
109100ef
0044a683
0084a703
0104a783
00e6a423
00d72223
0047a683
00969463
00e7a223
0007a703
0004a823
00842683
fff70713
00e7a023
00c42703
01442783
00440613
00e6a423
00d72223
0047a683
00c69463
00e7a223
0007a703
02c42683
00100593
fff70713
00e7a023
8681a503
00d597b3
00a7e7b3
86f1a423
00269713
00d70733
00271713
c5018793
00e787b3
0047a703
00872503
00e42423
00a42623
00c52223
00c72423
0007a703
00f42a23
00b70733
00e7a023
8801a783
02c7a783
00d7f463
84b1ae23
00c12083
00812403
00412483
01010113
00008067
ff010113
00812423
00112623
00050413
00051c63
000015b7
00014537
58658593
0f850513
009100ef
30047073
8581a683
20000737
01c72783
00d42023
86c1a683
00f72e23
00d42223
00079463
30046073
00c12083
00812403
01010113
00008067
8581a783
00f52023
86c1a783
00f52223
00008067
fe010113
00812c23
00912a23
00112e23
01212823
01312623
00050413
00058493
00051c63
000015b7
00014537
5a558593
0f850513
784100ef
00049c63
000015b7
00014537
5a658593
0f850513
76c100ef
30047073
200009b7
01c9a903
00190793
00f9ae23
86c1a683
8801a703
06074703
02070c63
8801a783
06078023
00100513
0129ae23
00091463
30046073
01c12083
01812403
01412483
01012903
00c12983
02010113
00008067
0004a783
fff00713
02e78e63
8581a603
00042583
00442703
00c58863
00e6e663
0004a023
fb1ff06f
40e68633
fef67ae3
40d787b3
00e787b3
00f4a023
00040513
f05ff0ef
00000513
f91ff06f
00100713
84e1ae23
00008067
8801a503
00008067
8641a783
00100513
00078863
8481a503
00153513
00151513
00008067
12050a63
fe010113
01212823
8801a703
02c52783
00812c23
02c72703
00112e23
00912a23
01312623
00050413
0ee7fa63
01852703
00074c63
8801a703
02c72683
00900713
40d70733
00e52c23
00279713
00f70733
c5018693
00271713
00d70733
01442683
c5018493
0ae69463
00440993
00098513
5ad000ef
02051063
02c42603
8681a703
00100793
00c797b3
fff7c793
00e7f7b3
86f1a423
8801a783
8681a603
02c7a703
00100793
00e797b3
00c7e7b3
86f1a423
00271793
00e787b3
00279793
00f487b3
02e42623
0047a703
00872683
00e42423
00d42623
0136a223
01372423
0007a703
00f42a23
00170713
00e7a023
00100513
01c12083
01812403
01412483
01012903
00c12983
02010113
00008067
8801a783
02c7a783
02f42623
fd5ff06f
8801a783
04852503
02c7a783
00f53533
fc5ff06f
00000513
00008067
02051263
00000513
00008067
00000513
00c12083
00812403
00412483
01010113
00008067
8801a783
ff010113
00812423
00112623
00912223
00050413
00a78c63
000025b7
00014537
a2858593
0f850513
508100ef
04c42783
00079c63
000025b7
00014537
a2958593
0f850513
4ec100ef
04c42783
02c42683
04842703
fff78793
04f42623
f8e684e3
f80792e3
00440493
00048513
451000ef
02051063
02c42603
8681a683
00100793
00c797b3
fff7c793
00d7f7b3
86f1a423
04842683
8681a603
00900793
40d787b3
00100513
00f42c23
00d517b3
00c7e7b3
86f1a423
00269713
00d70733
00271713
c5018793
00e787b3
0047a703
02d42623
00872683
00e42423
00d42623
0096a223
00972423
0007a703
00f42a23
00a70733
00e7a023
ef5ff06f
12050e63
04c52783
ff010113
00812423
01212023
00112623
00912223
00050413
00058913
00079c63
000025b7
00014537
a8658593
0f850513
400100ef
04842483
0124f463
00090493
02c42783
0c978c63
04c42703
00100793
0cf71663
8801a783
00879c63
000025b7
00014537
aa158593
0f850513
3c4100ef
01842783
02c42683
02942623
0007c863
00900793
409787b3
00f42c23
00269713
00d70733
c5018693
00271713
00d70733
01442683
c5018493
06e69a63
00440913
00090513
309000ef
02c42683
00100713
00d71733
00051a63
8681a583
fff74613
00b67633
86c1a423
8681a603
00e66733
86e1a423
00269793
00d787b3
00279793
00f487b3
0047a703
00872683
00e42423
00d42623
0126a223
01272423
0007a703
00f42a23
00170713
00e7a023
00c12083
00812403
00412483
00012903
01010113
00008067
00008067
8801a703
8801a683
01872503
02c6a683
8801a703
00900793
40d787b3
00f72c23
00008067
8801a503
00050863
04c52783
00178793
04f52623
00008067
fe010113
00812c23
01412423
01512223
00112e23
00912a23
01212823
01312623
01612023
00200793
00050413
00058a93
00060a13
00a7fc63
000025b7
00014537
dc758593
0f850513
274100ef
c09fe0ef
30047073
8801a783
01440913
00291693
00d787b3
0007a783
20000b37
01cb2703
00000993
00079c63
8801a783
00100693
014039b3
008787b3
04d78e23
00071463
30046073
00098863
00098593
000a0513
834fe0ef
dbdfe0ef
00098663
00051463
00000073
30047073
8801a703
00291793
01cb2603
00f70733
00072503
00050a63
8801a703
040a8463
00f707b3
0007a023
8801a783
008787b3
04078e23
00061463
30046073
01c12083
01812403
01412483
01012903
00c12983
00812a03
00412a83
00012b03
02010113
00008067
fff50693
00f707b3
00d7a023
fb9ff06f
fd010113
02812423
03212023
01312e23
01512a23
01712623
02112623
02912223
01412c23
01612823
00200793
00050413
00058993
00060913
00068a93
00070b93
00a7fc63
000025b7
00014537
e2f58593
0f850513
13c100ef
ad1fe0ef
30047073
20000a37
01ca2703
00000b13
00170793
00fa2e23
8801a783
008787b3
05c7c683
00200793
02f68a63
8801a783
00241693
fff9c993
00d787b3
0507a683
01703b33
00d9f9b3
0537a823
8801a783
00100693
008787b3
04d78e23
00ea2e23
00071463
30046073
000b0863
000b0593
000b8513
ed9fd0ef
c61fe0ef
000b0663
00051463
00000073
30047073
01ca2683
000a8e63
8801a783
01440713
00271713
00e787b3
0007a783
00faa023
8801a783
00000513
008787b3
05c7c703
00200793
02f71263
8801a783
00241713
fff94913
00e787b3
0507a703
00100513
00e97933
0527a823
8801a783
00da2e23
008787b3
04078e23
00069463
30046073
02c12083
02812403
02412483
02012903
01c12983
01812a03
01412a83
01012b03
00c12b83
03010113
00008067
fe010113
00812c23
00912a23
01312623
01412423
01512223
00112e23
01212823
00200793
00050493
00058413
00060a13
00068993
00070a93
00b7fc63
000025b7
00014537
ea458593
0f850513
7c10f0ef
00049c63
000025b7
00014537
ea558593
0f850513
7a90f0ef
30047073
20000937
01c92783
00178793
00f92e23
000a8c63
01440793
00279793
00f487b3
0007a783
00faa023
008487b3
05c7ca83
00200713
04e78e23
00400793
0ffafa93
1537ee63
000157b7
00c78793
00299693
00f686b3
0006a783
00078067
00241413
00848433
05042783
0147e7b3
04f42823
00100793
0afa9c63
0144a783
0084a683
00c4a703
0047a603
00e6a423
00d72223
00448693
00d61463
00e7a223
0007a703
02c4a603
fff70713
00e7a023
8681a583
00100793
00c797b3
00b7e7b3
86f1a423
00261713
00c70733
00271713
c5018793
00e787b3
0047a703
00872603
00e4a423
00c4a623
00d62223
00d72423
0007a703
00f4aa23
00170713
00e7a023
0284a783
00078c63
000025b7
00014537
ee958593
0f850513
68d0f0ef
8801a783
02c7a703
02c4a783
00f77463
00000073
00100513
01c92783
fff78793
00f92e23
00079463
30046073
01c12083
01812403
01412483
01012903
00c12983
00812a03
00412a83
02010113
00008067
00241413
00848433
05042783
00178793
ef5ff06f
00200793
00000513
fafa86e3
01440413
00241413
00848433
01442023
ed9ff06f
86c1a783
ec0788e3
000025b7
00014537
eda58593
0f850513
5ed0f0ef
eb9ff06f
fe010113
00812c23
00912a23
01212823
01312623
01412423
01512223
00112e23
00050913
00058413
00060a13
00068993
00070a93
00078493
00051c63
000025b7
00014537
f1e58593
0f850513
5990f0ef
00200793
0087fc63
000025b7
00014537
f1f58593
0f850513
57d0f0ef
000a8c63
01440793
00279793
00f907b3
0007a783
00faa023
008907b3
05c7ca83
00200713
04e78e23
00400793
0ffafa93
1537ec63
000157b7
02078793
00299693
00f686b3
0006a783
00078067
00241413
00890433
05042783
0147e7b3
04f42823
00100793
0cfa9463
02892783
00078c63
000025b7
00014537
f7458593
0f850513
4f90f0ef
8481a783
02c92683
10079e63
01492783
00892603
00c92703
0047a583
00e62423
00c72223
00490613
00c59463
00e7a223
0007a703
fff70713
00e7a023
8681a583
00100793
00d797b3
00b7e7b3
86f1a423
00269793
00d787b3
00279793
c5018713
00f70733
00472783
0087a583
00f92423
00b92623
00c5a223
00c7a423
00e92a23
00072783
00178793
00f72023
8801a783
02c7a783
00d7fa63
00100793
00048463
00f4a023
84f1ae23
00100513
01c12083
01812403
01412483
01012903
00c12983
00812a03
00412a83
02010113
00008067
00241413
00890433
05042783
00178793
ef9ff06f
00200793
00000513
fcfa80e3
01440413
00241413
00890433
01442023
eddff06f
86c1a783
ec078ae3
000025b7
00014537
f6958593
0f850513
3d90f0ef
ebdff06f
c1418713
00472783
01890613
0087a583
00f92e23
02b92023
00c5a223
00c7a423
02e92423
f39ff06f
ff010113
00812423
00912223
01212023
00112623
00050413
00058493
00060913
00051c63
000025b7
00014537
fc058593
0f850513
3750f0ef
00200793
0097fc63
000025b7
00014537
fc158593
0f850513
3590f0ef
009407b3
00200693
00249493
05c7c703
009404b3
04d78e23
0504a783
00178793
04f4a823
00100793
0cf71463
02842783
00078c63
000025b7
00014537
fea58593
0f850513
3110f0ef
8481a783
02c42683
0a079c63
01442783
00842603
00c42703
0047a583
00e62423
00c72223
00440613
00c59463
00e7a223
0007a703
fff70713
00e7a023
8681a583
00100793
00d797b3
00b7e7b3
86f1a423
00269713
00d70733
00271713
c5018793
00e787b3
0047a703
00872583
00e42423
00b42623
00c5a223
00c72423
00f42a23
0007a703
00170713
00e7a023
8801a783
02c7a783
00d7fa63
00100793
00090463
00f92023
84f1ae23
00c12083
00812403
00412483
00012903
01010113
00008067
c1418793
0047a703
01840613
00872583
00e42e23
02b42023
00c5a223
00c72423
02f42423
f9dff06f
ff010113
00812423
00912223
00112623
00200793
00050413
00058493
00b7fc63
000025b7
00014537
03258593
0f850513
1f50f0ef
00041463
8801a403
30047073
00940433
05c44683
200007b7
00200713
01c7a783
00000513
00e69663
04040e23
00100513
00079463
30046073
00c12083
00812403
00412483
01010113
00008067
ff010113
00812423
00912223
01212023
00112623
00200793
00050413
00058913
00060493
00b7fc63
000025b7
00014537
05958593
0f850513
16d0f0ef
00041463
8801a403
30047073
00291913
01240433
05042503
05042703
200007b7
fff4c493
01c7a783
00e4f4b3
04942823
00079463
30046073
00c12083
00812403
00412483
00012903
01010113
00008067
00850793
fff00713
00f52223
00e52423
00f52623
00f52823
00052023
00008067
00052823
00008067
00452783
0087a703
00f5a223
00e5a423
00b72223
00b7a423
00052783
00a5a823
00178793
00f52023
00008067
0005a683
fff00793
00850713
02f69863
01052783
0047a703
00e5a223
00b72423
00f5a423
00b7a223
00052783
00a5a823
00178793
00f52023
00008067
00070793
00472703
00072603
fec6fae3
fc9ff06f
00452683
00852703
01052783
00e6a423
00d72223
0047a683
00a69463
00e7a223
00052823
0007a503
fff50513
00a7a023
00008067
30047073
200007b7
03852503
01c7a783
00153513
00079463
30046073
00008067
ff010113
01212023
00060913
04052603
00912223
03852483
00812423
00112623
00050413
02061c63
00052783
04079a63
00852503
a94ff0ef
00042423
00148493
02942c23
00c12083
00812403
00412483
00012903
01010113
00008067
02091c63
00452503
2b9100ef
00442783
04042703
00e787b3
00842703
00f42223
00e7f663
00000513
fb9ff06f
00042783
00f42223
ff1ff06f
00c52503
285100ef
04042703
00c42783
40e006b3
40e787b3
00042703
00f42623
00e7f863
00842783
00d787b3
00f42623
00200793
00000513
f6f918e3
009037b3
40f484b3
f65ff06f
00050793
0407a603
00058513
02060263
00c7a703
00c705b3
0087a703
00b7a623
00e5e663
0007a583
00b7a623
2151006f
00008067
fe010113
00812c23
04852403
00112e23
00912a23
01212823
00a12623
00041c63
000015b7
00014537
cf858593
11450513
6e00f0ef
03842703
03c42783
00f76c63
000015b7
00014537
cf958593
11450513
6c00f0ef
03842703
03c42783
00000913
04f77063
04544483
00000613
00c10593
00040513
e7dff0ef
01849493
4184d493
fff00793
00050913
02f49a63
02442783
00078863
02440513
be1fe0ef
04051c63
01c12083
01812403
01412483
00090513
01012903
02010113
00008067
80cfe0ef
fea4f0e3
07f00793
00f49c63
000015b7
00014537
d1958593
11450513
6340f0ef
00148493
01849493
4184d493
049402a3
fb1ff06f
00100913
fa9ff06f
fe010113
00812c23
00112e23
00912a23
01212823
01312623
00050413
30047073
200004b7
01c4a783
04554903
02450993
00178793
01891913
00f4ae23
41895913
03205a63
04842783
02078263
00040513
eb5ff0ef
00050463
ef9fe0ef
fff90913
01891913
41895913
fd9ff06f
02442783
06079e63
fff00793
04f402a3
01c4a783
fff78793
00f4ae23
06078863
30047073
01c4a783
04444903
01040993
00178793
01891913
00f4ae23
41895913
01205663
01042783
04079663
fff00793
04f40223
01c4a783
fff78793
00f4ae23
04078a63
01c12083
01812403
01412483
01012903
00c12983
02010113
00008067
00098513
a8dfe0ef
f61ff06f
30046073
f91ff06f
00098513
a79fe0ef
00050463
e45fe0ef
fff90913
01891913
41895913
f91ff06f
30046073
fadff06f
fe010113
00112e23
00812c23
00912a23
01212823
01312623
01412423
02050463
00050413
03c52503
02051863
00014537
11450513
16c00593
4b40f0ef
00000513
0f80006f
00014537
13700593
11450513
49c0f0ef
fd9ff06f
00058913
04042583
01055993
0105d793
0e099863
04078463
00078993
00050a13
01059593
01051513
0105d593
01055513
688100ef
00050493
01099593
010a1513
0105d593
01055513
670100ef
0104d493
00950533
01055513
f6051ee3
30047073
200009b7
01c9a783
04042a03
03c42583
00042483
00178793
000a0513
00f9ae23
638100ef
00a487b3
02042c23
00f42423
41450533
fff00793
00942223
04f40223
00a484b3
00942623
04f402a3
06091063
01042783
00078a63
01040513
941fe0ef
00050463
00000073
01c9a783
fff78793
00f9ae23
00079463
30046073
00100513
01c12083
01812403
01412483
01012903
00c12983
00812a03
02010113
00008067
ec079ae3
00058a13
f19ff06f
01040513
a6dff0ef
02440513
a65ff0ef
fadff06f
fd010113
02112623
02812423
02912223
03212023
01312e23
01412c23
02069a63
00014537
18400593
11450513
3480f0ef
00014537
11450513
1b000593
3380f0ef
00000513
0840006f
02058463
fe5ff06f
00050993
fc050ee3
00058493
00060913
00068413
00070a13
fe0600e3
fc0582e3
05400793
00f12623
00c12703
00f70a63
00014537
19600593
11450513
2e80f0ef
00c12783
00100793
04f40323
00049463
00040913
01242023
03342e23
04942023
00100593
00040513
dd1ff0ef
00040513
05440823
04042423
02c12083
02812403
02412483
02012903
01c12983
01812a03
03010113
00008067
fe010113
00112e23
00812c23
00912a23
01212823
01312623
01412423
01512223
0e050663
01055993
00050913
00058493
00060a13
0105d793
0c099463
04078463
00078993
00050a93
01049593
01091513
0105d593
01055513
458100ef
00050413
01099593
010a9513
0105d593
01055513
440100ef
01045413
00850533
01055513
08051663
00048593
00090513
424100ef
fab00793
06a7ec63
05450513
0cc030ef
00050413
06050c63
04050323
00050793
00048463
05450793
00f42023
03242e23
04942023
00100593
00040513
cd5ff0ef
05440823
04042423
01c12083
00040513
01812403
01412483
01012903
00c12983
00812a03
00412a83
02010113
00008067
00079663
00058a93
f41ff06f
00014537
22a00593
11450513
1740f0ef
00000413
fb9ff06f
ff010113
00812423
00112623
00050413
00051a63
00014537
2b800593
11450513
1480f0ef
30047073
00042703
200007b7
01c7a783
00000513
00071463
00842503
00079463
30046073
00c12083
00812403
01010113
00008067
ff010113
00812423
00112623
00050413
00051a63
00014537
2dc00593
11450513
0f00f0ef
00042783
00000513
00079463
00842503
00c12083
00812403
01010113
00008067
ff010113
00112623
00812423
02050c63
00058413
02b56863
00060693
00200713
00000613
00000593
d31ff0ef
00050463
02852c23
00c12083
00812403
01010113
00008067
00014537
11450513
37800593
07c0f0ef
00000513
fddff06f
ff010113
00112623
00812423
02050863
00058413
02b56463
00200613
00000593
dc5ff0ef
00050463
02852c23
00c12083
00812403
01010113
00008067
00014537
11450513
39f00593
0280f0ef
00000513
fddff06f
fc010113
02812c23
03212823
03312623
02112e23
02912a23
03412423
03512223
03612023
00c12623
00050413
00058993
00068913
00051a63
00014537
3b600593
11450513
7d90e0ef
00099e63
04042783
00078a63
00014537
3b700593
11450513
7bd0e0ef
00200793
02f91063
03c42703
00100793
00f70a63
00014537
3b800593
11450513
7990e0ef
8e5fe0ef
00051e63
00c12783
00078a63
00014537
3bb00593
11450513
7790e0ef
00000713
200004b7
00200a93
fff00a13
01040b13
30047073
01c4a783
03842603
00178693
00d4ae23
03c42683
02d67a63
00090613
00098593
00040513
03842a03
f14ff0ef
04842783
02079c63
02442783
04078263
02440513
c84fe0ef
0380006f
fd5908e3
00c12683
06069a63
00f4ae23
00079463
30046073
00000513
0380006f
00200793
00f91463
000a1a63
00040513
fd4ff0ef
00050463
00000073
01c4a783
fff78793
00f4ae23
00079463
30046073
00100513
03c12083
03812403
03412483
03012903
02c12983
02812a03
02412a83
02012b03
04010113
00008067
00071663
01810513
ec4fe0ef
01c4a783
fff78793
00f4ae23
00079463
30046073
811fd0ef
30047073
04444783
01c4a703
01879793
4187d793
01479463
04040223
04544783
01879793
4187d793
01479463
040402a3
00071463
30046073
00c10593
01810513
e7cfe0ef
04051c63
30047073
01c4a683
03842703
03c42783
00069463
30046073
02f71663
00c12583
000b0513
9a8fe0ef
00040513
fecff0ef
9a1fd0ef
00051463
00000073
00100713
e8dff06f
00040513
fd0ff0ef
985fd0ef
fedff06f
00040513
fc0ff0ef
975fd0ef
ed1ff06f
ff010113
00050713
00058693
00000613
00000593
00100513
00812423
00112623
a35ff0ef
00050413
02050063
00052423
00052023
00052623
00000693
00000613
00000593
d69ff0ef
00c12083
00040513
00812403
01010113
00008067
ff010113
00812423
00112623
00912223
00050413
00051a63
00014537
2fb00593
11450513
5490e0ef
00842483
e88fe0ef
00000793
00a49c63
00c42783
fff78793
00f42623
02078063
00100793
00c12083
00812403
00412483
00078513
01010113
00008067
00000693
00000613
00000593
00040513
cddff0ef
fd1ff06f
ff010113
00050613
00000593
00100513
00812423
00112623
a4dff0ef
00050413
02050063
00052423
00052023
00052623
00000693
00000613
00000593
c99ff0ef
00c12083
00040513
00812403
01010113
00008067
fe010113
00812c23
01212823
01312623
01412423
00112e23
00912a23
01512223
00050413
00058a13
00060993
00068913
00051a63
00014537
49000593
11450513
45d0e0ef
000a1e63
04042783
00078a63
00014537
49100593
11450513
4410e0ef
00200793
02f91063
03c42703
00100793
00f70a63
00014537
49200593
11450513
41d0e0ef
03842703
03c42783
00f76863
00200793
00000513
04f91e63
04544483
00090613
000a0593
00040513
03842a83
01849493
bc8ff0ef
4184d493
fff00793
06f49663
04842783
04078863
00200793
00f91463
000a9e63
00040513
cb0ff0ef
00050863
00098663
00100793
00f9a023
00100513
01c12083
01812403
01412483
01012903
00c12983
00812a03
00412a83
02010113
00008067
02442783
fc078ae3
02440513
8e0fe0ef
fb9ff06f
d28fd0ef
fca4f0e3
07f00793
00f49a63
00014537
51e00593
11450513
3550e0ef
00148493
01849493
4184d493
049402a3
f95ff06f
ff010113
00812423
01212023
00112623
00912223
00050413
00058913
00051a63
00014537
54000593
11450513
3110e0ef
04042783
00078a63
00014537
54400593
11450513
2f90e0ef
00042783
00079e63
00842783
00078a63
00014537
54900593
11450513
2d90e0ef
03842783
03c42703
00000513
02e7fc63
04544483
00178793
02f42c23
01849493
4184d493
fff00793
04f49c63
04842783
02078e63
00040513
b8cff0ef
02051063
00100513
00c12083
00812403
00412483
00012903
01010113
00008067
fe0902e3
00100793
00f92023
fd9ff06f
02442783
fc0788e3
02440513
fc5fd0ef
fc1ff06f
c0cfd0ef
faa4fee3
07f00793
00f49a63
00014537
5cb00593
11450513
2390e0ef
00148493
01849493
4184d493
049402a3
f91ff06f
fc010113
02812c23
03212823
02112e23
02912a23
03312623
03412423
03512223
00c12623
00050413
00058913
00051a63
00014537
5e900593
11450513
1e50e0ef
00091e63
04042783
00078a63
00014537
5ed00593
11450513
1c90e0ef
b14fe0ef
00051e63
00c12783
00078a63
00014537
5f200593
11450513
1a90e0ef
00000713
200004b7
fff00a13
02440a93
30047073
01c4a783
03842983
00178693
00d4ae23
06098663
00090593
00040513
a30ff0ef
01042783
fff98993
03342c23
00078a63
01040513
ec5fd0ef
00050463
00000073
01c4a783
fff78793
00f4ae23
00079463
30046073
00100513
03c12083
03812403
03412483
03012903
02c12983
02812a03
02412a83
04010113
00008067
00c12683
00069c63
00f4ae23
00079463
30046073
00000513
fc5ff06f
00071663
01810513
924fe0ef
01c4a783
fff78793
00f4ae23
00079463
30046073
a70fd0ef
30047073
04444783
01c4a703
01879793
4187d793
01479463
04040223
04544783
01879793
4187d793
01479463
040402a3
00071463
30046073
00c10593
01810513
8dcfe0ef
04051463
00040513
848ff0ef
02050663
00c12583
000a8513
c19fd0ef
00040513
a5cff0ef
c10fd0ef
00051463
00000073
00100713
ec9ff06f
00040513
a40ff0ef
bf4fd0ef
fedff06f
00040513
a30ff0ef
be4fd0ef
00040513
ff9fe0ef
fc050ae3
f31ff06f
fc010113
02812c23
02112e23
02912a23
03212823
03312623
03412423
00b12623
00050413
00051a63
00014537
68200593
11450513
7f80e0ef
04042783
00078a63
00014537
68600593
11450513
7e00e0ef
92cfe0ef
00051e63
00c12783
00078a63
00014537
68b00593
11450513
7c00e0ef
00000913
00000693
200004b7
fff00993
02440a13
30047073
01c4a703
00170793
00f4ae23
03842783
04078863
fff78793
02f42c23
00042783
00079663
cacfe0ef
00a42423
01042783
00078a63
01040513
cd5fd0ef
00050463
00000073
01c4a783
fff78793
00f4ae23
00079463
30046073
00100513
0180006f
00c12783
02079863
00e4ae23
16070663
00000513
03c12083
03812403
03412483
03012903
02c12983
02812a03
04010113
00008067
00069663
01810513
f3dfd0ef
01c4a783
fff78793
00f4ae23
00079463
30046073
888fd0ef
30047073
04444783
01c4a703
01879793
4187d793
01379463
04040223
04544783
01879793
4187d793
01379463
040402a3
00071463
30046073
00c10593
01810513
ef5fd0ef
08051063
00040513
e61fe0ef
06050263
00042783
02079a63
30047073
01c4a783
00842503
00178793
00f4ae23
fe9fd0ef
01c4a783
00050913
fff78793
00f4ae23
00079463
30046073
00c12583
000a0513
9f9fd0ef
00040513
83cff0ef
9f0fd0ef
00051463
00000073
00100693
e95ff06f
00040513
820ff0ef
9d4fd0ef
fedff06f
00040513
810ff0ef
9c4fd0ef
00040513
dd9fe0ef
fc050ae3
ec090ee3
30047073
01c4a783
02442583
00178793
00f4ae23
00058a63
03042783
00900593
0007a783
40f585b3
00842503
9a8fe0ef
01c4a783
fff78793
00f4ae23
e8079ee3
30046073
e95ff06f
ff010113
00812423
00912223
00112623
01212023
00050413
00058493
00051a63
00014537
33700593
11450513
5980e0ef
00842903
ed9fd0ef
00a91c63
00c42783
00100513
00178793
00f42623
0140006f
00048593
00040513
d41ff0ef
fe0510e3
00c12083
00812403
00412483
00012903
01010113
00008067
fc010113
02812c23
03212823
02112e23
02912a23
03312623
03412423
00c12623
00050413
00058913
00051a63
00014537
76100593
11450513
5140e0ef
00091e63
04042783
00078a63
00014537
76500593
11450513
4f80e0ef
e45fd0ef
00051e63
00c12783
00078a63
00014537
76a00593
11450513
4d80e0ef
00000713
200004b7
fff00993
02440a13
30047073
01c4a783
00178693
00d4ae23
03842683
06068463
00090593
00040513
00c42983
d5dfe0ef
02442783
01342623
00078a63
02440513
9f5fd0ef
00050463
00000073
01c4a783
fff78793
00f4ae23
00079463
30046073
00100513
03c12083
03812403
03412483
03012903
02c12983
02812a03
04010113
00008067
00c12683
00069c63
00f4ae23
00079463
30046073
00000513
fc9ff06f
00071663
01810513
c59fd0ef
01c4a783
fff78793
00f4ae23
00079463
30046073
da5fc0ef
30047073
04444783
01c4a703
01879793
4187d793
01379463
04040223
04544783
01879793
4187d793
01379463
040402a3
00071463
30046073
00c10593
01810513
c11fd0ef
04051463
00040513
b7dfe0ef
02050663
00c12583
000a0513
f4cfd0ef
00040513
d91fe0ef
f45fc0ef
00051463
00000073
00100713
ecdff06f
00040513
d75fe0ef
f29fc0ef
fedff06f
00040513
d65fe0ef
f19fc0ef
00040513
b2dfe0ef
fc050ae3
f31ff06f
fe010113
00812c23
01212823
01412423
00112e23
00912a23
01312623
00050413
00058a13
00060913
00051a63
00014537
7fd00593
11450513
3280e0ef
000a1e63
04042783
00078a63
00014537
7fe00593
11450513
30c0e0ef
03842983
00000513
04098863
04444483
000a0593
00040513
badfe0ef
01849493
fff98993
4184d493
03342c23
fff00793
04f49463
01042783
00078e63
01040513
831fd0ef
00050863
00090663
00100793
00f92023
00100513
01c12083
01812403
01412483
01012903
00c12983
00812a03
02010113
00008067
c49fc0ef
fca4fce3
07f00793
00f49c63
000015b7
00014537
84458593
11450513
2700e0ef
00148493
01849493
4184d493
04940223
fa9ff06f
ff010113
00812423
00912223
00112623
01212023
00050413
00058493
00051c63
000015b7
00014537
86158593
11450513
2280e0ef
06049863
04042783
04079a63
000015b7
00014537
86358593
11450513
2080e0ef
03842783
00000513
00078e63
00c42903
00040513
00048593
aa9fe0ef
00100513
01242623
00c12083
00812403
00412483
00012903
01010113
00008067
000015b7
00014537
86258593
11450513
1b80e0ef
04042783
fa0796e3
f95ff06f
ff010113
00812423
00112623
00050413
00051c63
000015b7
00014537
89b58593
11450513
1840e0ef
30047073
200007b7
01c7a783
03842503
00079463
30046073
00c12083
00812403
01010113
00008067
ff010113
00812423
00112623
00050413
00051c63
000015b7
00014537
8b058593
11450513
1340e0ef
30047073
03842783
03c42503
40f50533
200007b7
01c7a783
00079463
30046073
00c12083
00812403
01010113
00008067
ff010113
00812423
00912223
00112623
00050413
00058493
00051c63
000015b7
00014537
bc958593
11450513
0d40e0ef
04048a63
d0418693
00000793
00000713
d0418613
00a00593
0046a503
00851c63
00371713
00e607b3
0097a023
0087a223
0240006f
00079863
0006a503
00051463
00068793
00170713
00868693
fcb716e3
fc079ce3
00c12083
00812403
00412483
01010113
00008067
ff010113
00812423
00112623
00050413
00051c63
000015b7
00014537
c1d58593
11450513
0440e0ef
d0418693
00000713
d0418793
00a00613
0046a583
02859263
00371713
00e787b3
0007a023
0007a223
00c12083
00812403
01010113
00008067
00170713
00868693
fcc718e3
fe5ff06f
ff010113
00812423
00112623
00050413
00051c63
000015b7
00014537
8d458593
11450513
7d50d0ef
00040513
f65ff0ef
04644783
00079c63
00040513
00812403
00c12083
01010113
0fc0206f
00c12083
00812403
01010113
00008067
ff010113
00812423
00112623
00050413
30047073
200007b7
01c7a683
04454783
fff00713
01879793
4187d793
00e79463
04050223
04544783
01879793
4187d793
00e79463
040402a3
00069463
30046073
03842783
00079663
02440513
c04fd0ef
00040513
00812403
00c12083
01010113
919fe06f
00000613
00400593
c95fe06f
00050793
30047073
04852683
20000737
01c72703
00000513
00069a63
0387a683
00069663
04b7a423
00100513
00071463
30046073
00008067
04852703
00050793
00000513
02b71863
0387a703
00000513
02071263
30047073
20000737
01c72703
0407a423
00071463
30046073
00100513
00008067
00008067
fe010113
00058613
00c10593
00112e23
00012623
c70ff0ef
01c12083
00c12503
02010113
00008067
fe010113
00c10593
00000613
00112e23
00012623
b09ff0ef
01c12083
00c12503
02010113
00008067
ff010113
00112623
00b52223
00a52823
00050793
02b66863
01852703
40d60633
00100513
00e67a63
00478593
8901a503
d60fe0ef
00000513
00c12083
01010113
00008067
00d67663
00100513
fed5f6e3
00478593
8941a503
fd9ff06f
ff010113
00812423
00912223
01212023
00112623
00050413
00058493
00060913
01842583
00048693
00090613
00b485b3
00040513
f71ff0ef
00051e63
00c12083
00812403
00412483
00012903
01010113
00008067
01842783
00040513
00f484b3
02042783
000780e7
fb9ff06f
8941a783
fe010113
00812c23
00c7a783
00912a23
00050493
00c7a403
00112e23
00b12623
00440513
cf0fe0ef
02844783
00c12603
0047f713
02070663
00048593
00040513
f51ff0ef
02042783
00040513
01812403
01c12083
01412483
02010113
00078067
ffe7f793
02f40423
fddff06f
ff010113
00812423
00112623
8941a783
0007a703
02071063
8901a683
00c12083
88f1a823
88d1aa23
00812403
01010113
00008067
00c7a783
fff00593
0007a503
f51ff0ef
fc9ff06f
fe010113
00112e23
00812c23
00912a23
01212823
01312623
30047073
20000437
01c42783
00178793
00f42e23
88c1a783
04079863
efc18513
b84fe0ef
ee818513
b7cfe0ef
efc18913
8921aa23
ee818493
00000713
d5418693
da818613
01000593
01400513
8891a823
8f9fe0ef
88a1a623
00050863
000145b7
12858593
b59ff0ef
01c42783
fff78793
00f42e23
00079463
30046073
01c12083
01812403
01412483
01012903
00c12983
02010113
00008067
fc010113
02912a23
03212823
03312623
03412423
03512223
02112e23
02812c23
03612023
00800a93
8941a783
00100613
0007ab03
000b0863
00c7a783
00000613
0007ab03
00c12623
d74fc0ef
d80fc0ef
8841a783
00050413
02f56c63
00c12603
88a1a223
0a060a63
8901a783
0007a603
00163613
88c1a503
408b05b3
c0dff0ef
f48fc0ef
00051c63
00000073
0100006f
e79ff0ef
8881a223
f30fc0ef
00012823
00012a23
00012c23
00012e23
88c1a503
00000613
01010593
94cff0ef
f60506e3
01012783
01812503
0607c463
01812403
01442783
06079a63
cf4fc0ef
8841a783
00050b13
00f57463
e21ff0ef
01012783
8961a223
fff78793
fafaeae3
00015737
03470713
00279793
00e787b3
0007a703
02844783
00070067
f5656ee3
eacfc0ef
00040593
000b0513
d71ff0ef
f71ff06f
01412783
01c12583
000780e7
01012783
f607c6e3
f89ff06f
00440513
a64fe0ef
f89ff06f
01842583
01412683
0017e793
02f40423
000b0613
00b685b3
00040513
c61ff0ef
f2050ce3
02844783
0047f713
02070663
01842783
01412583
000b0613
00040513
00f585b3
c95ff0ef
02042783
00040513
000780e7
f05ff06f
ffe7f793
02f40423
fe9ff06f
0017e793
02f40423
01412783
00f42c23
00079a63
00014537
41000593
13050513
24d0d0ef
01842583
000b0693
000b0613
00bb05b3
00040513
be1ff0ef
eb9ff06f
0027f713
00071863
00040513
36d010ef
ea5ff06f
ffe7f793
02f40423
e99ff06f
fe010113
00112e23
d31ff0ef
88c1a783
04078e63
00c10613
00810593
00410513
00012223
00012423
26d0d0ef
00812783
00412803
00c12603
000145b7
00005537
00600713
00000693
14458593
8c050513
bd9fb0ef
88a1a423
00050a63
00100513
01c12083
02010113
00008067
00014537
13050513
14600593
1950d0ef
00000513
fe1ff06f
fe010113
01512223
00050a93
02c00513
00812c23
00912a23
01212823
01312623
01412423
00112e23
00058493
00060913
00068a13
00070993
02d010ef
00050413
04050463
02050423
00049a63
00014537
1a900593
13050513
1310d0ef
c59ff0ef
00440513
01542023
00942c23
01442e23
03342023
81cfe0ef
00090863
02844783
0047e793
02f40423
01c12083
00040513
01812403
01412483
01012903
00c12983
00812a03
00412a83
02010113
00008067
fd010113
02812423
00078413
02c00793
00f12623
01312e23
00070993
00c12703
02912223
03212023
01412c23
01512a23
02112623
00050a93
00058493
00060913
00068a13
00f70a63
00014537
18300593
13050513
0850d0ef
00c12783
06040a63
00200793
02f40423
00049a63
00014537
1a900593
13050513
0610d0ef
b89ff0ef
00440513
01542023
00942c23
01442e23
03342023
f4dfd0ef
00090863
02844783
0047e793
02f40423
02c12083
00040513
02812403
02412483
02012903
01c12983
01812a03
01412a83
03010113
00008067
00014537
18900593
13050513
7fc0d0ef
fc9ff06f
fd010113
02812423
02912223
03212023
01312e23
02112623
01412c23
00050493
00058413
00060993
00070913
00051a63
00014537
1cd00593
13050513
7b80d0ef
88c1a783
04078863
00812023
01312223
00912423
00500793
0287c663
8e8fd0ef
00050713
00200793
88c1a503
04f71663
00000693
00090613
00010593
f5cfe0ef
0180006f
00014537
1d800593
13050513
7640d0ef
00000513
02c12083
02812403
02412483
02012903
01c12983
01812a03
03010113
00008067
00000693
00000613
fb9ff06f
fd010113
02812423
02912223
03212023
01312e23
02112623
00050493
00058413
00060993
00068913
00051a63
00014537
20000593
13050513
6f80d0ef
88c1a503
04050a63
00812023
01312223
00912423
00500793
0287d863
00000693
00090613
00010593
a31fe0ef
02c12083
02812403
02412483
02012903
01c12983
03010113
00008067
00014537
20b00593
13050513
6a00d0ef
00000513
fd1ff06f
ff010113
00812423
00912223
00112623
00050413
00058493
00051a63
00014537
24200593
13050513
66c0d0ef
30047073
02844703
200007b7
01c7a683
0fb77793
00048463
00476793
02f40423
00069463
30046073
00c12083
00812403
00412483
01010113
00008067
ff010113
00812423
00112623
00050413
00051a63
00014537
25b00593
13050513
60c0d0ef
30047073
200007b7
02842503
01c7a783
00255513
00157513
00079463
30046073
00c12083
00812403
01010113
00008067
fadff06f
ff010113
00812423
00112623
00050413
00051a63
00014537
2b300593
13050513
5b40d0ef
00042503
00c12083
00812403
01010113
00008067
ff010113
00812423
00112623
00050413
00051a63
00014537
49100593
13050513
57c0d0ef
30047073
200007b7
02844503
01c7a783
00157513
00079463
30046073
00c12083
00812403
01010113
00008067
ff010113
00812423
00112623
00050413
00051a63
00014537
4ae00593
13050513
52c0d0ef
30047073
200007b7
01c7a783
01c42503
00079463
30046073
00c12083
00812403
01010113
00008067
ff010113
00812423
00912223
00112623
00050413
00058493
00051a63
00014537
4c300593
13050513
4d80d0ef
30047073
200007b7
01c7a783
00942e23
00079463
30046073
00c12083
00812403
00412483
01010113
00008067
fe010113
00068793
00c12623
00078613
00a12223
88c1a503
00b12423
ffe00713
00010593
00000693
00112e23
00e12023
fdcfe0ef
01c12083
02010113
00008067
fe010113
00812c23
00112e23
00050413
00051a63
00014537
05d00593
14c50513
4480d0ef
02000793
00f12623
00c12703
00f70a63
00014537
06500593
14c50513
4280d0ef
00040c63
00042023
00440513
b01fd0ef
00100793
00f40e23
01c12083
00040513
01812403
02010113
00008067
ff010113
02000513
00812423
00112623
2c4010ef
00050413
00050a63
00052023
00450513
abdfd0ef
00040e23
00c12083
00040513
00812403
01010113
00008067
fe010113
00912a23
01212823
01312623
01412423
01512223
00112e23
00812c23
00050913
00058493
00060a13
00068a93
00070993
00051a63
00014537
14700593
14c50513
3740d0ef
010007b7
14800593
00f4f663
00049a63
14900593
00014537
14c50513
3540d0ef
ca1fc0ef
00051c63
00098a63
00014537
14c00593
14c50513
3380d0ef
ccdfb0ef
00092403
0084f7b3
020a9c63
02079c63
04098263
014035b3
01859593
000a8663
040007b7
00f5e5b3
00098613
0095e5b3
00490513
ef8fc0ef
00000413
01c0006f
fcf498e3
000a0863
fff4c793
0087f7b3
00f92023
00000993
e7dfb0ef
04098463
00051463
00000073
fd1fc0ef
00651793
0207c663
30047073
00092503
20000737
01c72783
00a4f6b3
040a9263
04069263
00f72e23
00079463
30046073
00851513
00855413
01c12083
00040513
01812403
01412483
01012903
00c12983
00812a03
00412a83
02010113
00008067
fcd492e3
fc0a00e3
fff4c493
00a4f4b3
00992023
fb1ff06f
ff010113
00812423
00912223
00112623
00050493
00058413
00051a63
00014537
1e200593
14c50513
2240d0ef
010007b7
00f46a63
00014537
1e300593
14c50513
20c0d0ef
30047073
0004a503
20000737
01c72783
fff44413
00a47433
0084a023
00f72e23
00079463
30046073
00c12083
00812403
00412483
01010113
00008067
f81ff06f
00058613
00050593
00005537
00000693
31850513
d0dff06f
00052503
00008067
fe010113
00812c23
00912a23
00112e23
01212823
01312623
01412423
01512223
00050413
00058493
00051a63
00014537
23200593
14c50513
1700d0ef
010007b7
00f4ea63
00014537
23300593
14c50513
1580d0ef
aedfb0ef
00042783
01042503
01000937
0097e7b3
00c40993
00f42023
00000493
fff90913
02000a37
00042583
03351e63
fff4c493
00b4f4b3
00942023
cbdfb0ef
00042503
01c12083
01812403
01412483
01012903
00c12983
00812a03
00412a83
02010113
00008067
00052703
00452a83
012777b3
00571613
00b7f6b3
00064863
00069863
000a8513
fa1ff06f
fed79ce3
00771693
0006d463
00f4e4b3
0145e5b3
f54fc0ef
fe1ff06f
fe010113
00912a23
01212823
01312623
01412423
00112e23
00812c23
010007b7
00058a13
00050913
00060493
00068993
0c500593
00f67663
00061a63
0c600593
00014537
14c50513
0640d0ef
9b1fc0ef
00051c63
00098a63
00014537
0c900593
14c50513
0480d0ef
9ddfb0ef
00092403
000a0593
00090513
e8dff0ef
01446433
009477b3
08979863
00092783
fff4c713
00000993
00e7f7b3
00f92023
bb5fb0ef
04098863
00051463
00000073
d09fc0ef
00651793
0207ca63
30047073
00092503
20000737
01c72783
00a4f6b3
00969863
fff4c493
00a4f4b3
00992023
00f72e23
00079463
30046073
00851513
00855413
01c12083
00040513
01812403
01412483
01012903
00c12983
00812a03
02010113
00008067
02098063
050005b7
00098613
00b4e5b3
00490513
b80fc0ef
00000413
f6dff06f
00092403
f65ff06f
dc9ff06f
ff010113
00812423
00112623
00912223
01212023
00050413
00051a63
00014537
28e00593
14c50513
7450c0ef
8d9fb0ef
00c40493
00014937
00442783
02079663
ad1fb0ef
01c44783
04079263
00040513
00812403
00c12083
00412483
00012903
01010113
0540106f
01042783
00979863
29a00593
14c90513
6f50c0ef
01042503
020005b7
d88fc0ef
fb1ff06f
00c12083
00812403
00412483
00012903
01010113
00008067
00060693
00058613
00050593
00005537
57450513
a0dff06f
00452783
00852703
00052683
00f707b3
40d78533
00e56463
40e50533
00008067
00852783
fd010113
02812423
02912223
03212023
01312e23
01412c23
01512a23
02112623
40d78ab3
00050493
00058a13
00060413
00068913
00060993
01566463
000a8993
01390733
00e7fa63
00014537
5d300593
16450513
6390c0ef
0184a503
00098613
000a0593
01250533
1200e0ef
028afa63
0084a783
41340633
00c7fe63
00014537
5db00593
16450513
00c12623
6010c0ef
00c12603
0184a503
013a05b3
0ec0e0ef
0084a783
01240533
00f56463
40f50533
02c12083
02812403
02412483
02012903
01c12983
01812a03
01412a83
03010113
00008067
fe010113
00812c23
00912a23
01212823
00112e23
00060413
01c54603
00068793
00452683
00167613
00050493
00058913
04060863
00812623
04e7ea63
00400613
00c10593
ee5ff0ef
00050693
00040c63
00040613
00090593
00048513
ecdff0ef
00a4a223
01c12083
00040513
01812403
01412483
01012903
02010113
00008067
fc87f6e3
00078413
fc5ff06f
00000413
fd5ff06f
00852783
fe010113
00812c23
00912a23
01212823
01312623
01412423
01512223
00112e23
40d78ab3
00050493
00058a13
00060413
00068913
00060993
01566463
000a8993
01390733
00e7fa63
00014537
60300593
16450513
4cd0c0ef
0184a583
00098613
000a0513
012585b3
7b50d0ef
008afa63
0184a583
41340633
013a0533
7a10d0ef
0084a783
01240533
00f56463
40f50533
01c12083
01812403
01412483
01012903
00c12983
00812a03
00412a83
02010113
00008067
fd010113
02912223
03212023
01312e23
01412c23
02112623
02812423
01c54783
00068993
00052683
0017f793
00050493
00058a13
00060913
02078463
00400613
00c10593
f05ff0ef
00c12783
00050693
00000413
02f96863
ffc98993
00078913
00098413
01397463
00090413
00040c63
00040613
000a0593
00048513
ecdff0ef
00a4a023
02c12083
00040513
02812403
02412483
02012903
01c12983
01812a03
03010113
00008067
fe010113
00912a23
00058493
00812c23
05500593
00050413
00048513
01212823
01312623
01412423
00112e23
00060a13
00068993
00070913
6ad0d0ef
00a48a63
00014537
64400593
16450513
3790c0ef
00040513
02800613
00000593
6890d0ef
01240e23
00942c23
01442423
01342623
01c12083
01812403
01412483
01012903
00c12983
00812a03
02010113
00008067
fe010113
00812c23
00912a23
01212823
00112e23
00100793
00050413
00058913
00060493
06f61463
00400793
15e00593
06a7f863
07246e63
fd600793
00000513
0287ea63
02940513
1c9000ef
02050463
00090693
00091463
00100693
02850593
00048713
00140613
00a12623
f05ff0ef
00c12503
01c12083
01812403
01412483
01012903
02010113
00008067
00200793
02f61a63
00400493
16400593
f8051ce3
00014537
16450513
28d0c0ef
f9247ce3
00014537
16d00593
16450513
2790c0ef
f79ff06f
00000493
f60516e3
16a00593
fd1ff06f
fc010113
02812c23
02912a23
03212823
03312623
03412423
02112e23
00050993
00058913
00060a13
00068493
00070413
00069a63
00014537
1bc00593
16450513
2210c0ef
00041a63
00014537
1bd00593
16450513
20d0c0ef
0129fa63
00014537
1be00593
16450513
1f90c0ef
00100793
0afa1263
00400793
0937f463
00300713
02800793
00f12e23
01c12683
00f68e63
00014537
1e400593
16450513
00e12623
1c10c0ef
00c12703
02048a63
02040663
00090693
00091463
00100693
00098613
00048593
00040513
dd5ff0ef
01c44783
0027e793
00f40e23
00040493
03c12083
03812403
03012903
02c12983
02812a03
00048513
03412483
04010113
00008067
00014537
1d000593
16450513
1550c0ef
f6dff06f
00200713
f6ea14e3
00098663
00600713
f5dff06f
00014537
1d600593
16450513
12d0c0ef
fe9ff06f
ff010113
00812423
00112623
00050413
00051a63
00014537
23300593
16450513
1050c0ef
01c44783
0027f793
00079c63
00040513
00812403
00c12083
01010113
2310006f
00040513
00812403
00c12083
02800613
00000593
01010113
3e90d06f
ff010113
00812423
00112623
00912223
01212023
00050413
00051a63
00014537
25e00593
16450513
09d0c0ef
02042903
30047073
200004b7
01c4a783
00000513
00178793
00f4ae23
01042783
02079663
01442783
02079263
01c44703
00c42683
00842603
01842583
00040513
c95ff0ef
00100513
03242023
01c4a783
fff78793
00f4ae23
00079463
30046073
00c12083
00812403
00412483
00012903
01010113
00008067
ff010113
00812423
00112623
00050413
00051a63
00014537
2fa00593
16450513
0010c0ef
00842783
00042683
00042503
00442703
00042603
fed618e3
00a78533
fff50513
40e50533
00f56463
40f50533
00c12083
00812403
01010113
00008067
ff010113
00812423
00112623
00050413
00051a63
00014537
31e00593
16450513
7a00c0ef
00040513
00812403
00c12083
01010113
8ddff06f
fc010113
02812c23
03212823
03512223
02112e23
02912a23
03312623
03412423
03612023
00d12623
00050413
00058a93
00060913
00059a63
00014537
33500593
16450513
7440c0ef
00041a63
00014537
33600593
16450513
7300c0ef
01c44783
00842483
0017f793
fff48493
0a078c63
00490993
01396a63
00014537
34500593
16450513
7040c0ef
0b34f463
00012623
00040513
ed5ff0ef
00050493
00048693
00098713
00090613
000a8593
00040513
921ff0ef
00050493
04050063
00040513
819ff0ef
00c42783
02f56863
854fb0ef
01042783
02078063
01042503
02442583
00000713
00000693
00000613
e90fc0ef
00042823
a38fb0ef
03c12083
03812403
03012903
02c12983
02812a03
02412a83
02012b03
00048513
03412483
04010113
00008067
00090993
0124f463
00048993
00c12783
f4078ee3
01810513
e21fb0ef
20000a37
00014b37
30047073
01ca2783
00040513
00178793
00fa2e23
e0dff0ef
00050493
07357663
02442583
00000513
bf5fc0ef
01442783
00078863
37500593
164b0513
6040c0ef
f49fb0ef
01ca2783
00a42a23
fff78793
00fa2e23
04078863
00c12703
02442503
00000593
00000693
00000613
c44fc0ef
00c10593
00042a23
01810513
e0dfb0ef
f80500e3
0180006f
01ca2783
fff78793
00fa2e23
00079463
30046073
ea0486e3
eb5ff06f
30046073
fb1ff06f
fd010113
02812423
02912223
03212023
01312e23
02112623
00050413
00058493
00060913
00068993
00059a63
00014537
3ba00593
16450513
55c0c0ef
00041a63
00014537
3bb00593
16450513
5480c0ef
01c44703
00040513
00177713
00271713
01270733
00e12623
d0dff0ef
00c12703
00050693
00048593
00090613
00040513
f5cff0ef
00050493
02050e63
00040513
e54ff0ef
00c42783
02f56663
01042783
02078263
01042503
02442583
00098793
00000713
00000693
00000613
ef4fc0ef
00042823
02c12083
02812403
02012903
01c12983
00048513
02412483
03010113
00008067
fe010113
00812c23
01312623
01412423
01612023
00112e23
00912a23
01212823
01512223
00050413
00058993
00060b13
00068a13
00059a63
00014537
42700593
16450513
46c0c0ef
00041a63
00014537
42800593
16450513
4580c0ef
01c44783
00400913
0017f713
00071a63
0127f7b3
00000913
00078463
00c42903
080a0463
30047073
20000ab7
01caa783
00040513
00178793
00faae23
d68ff0ef
00050493
02a96863
02442583
00000513
9e1fc0ef
01042783
00078a63
00014537
45300593
16450513
3ec0c0ef
d31fb0ef
00a42823
01caa783
fff78793
00faae23
00079463
30046073
06996063
02442503
000a0713
00000693
00000613
00000593
a24fc0ef
00042823
00040513
cf8ff0ef
00050493
02a96a63
00000493
01c12083
01812403
01012903
00c12983
00812a03
00412a83
00012b03
00048513
01412483
02010113
00008067
00048693
000b0613
00098593
00040513
ef0ff0ef
00050493
fa050ce3
ce9fa0ef
01442783
02078063
01442503
02442583
00000713
00000693
00000613
b24fc0ef
00042a23
ecdfa0ef
f8dff06f
fe010113
00812c23
00112e23
00050413
00051a63
00014537
49900593
16450513
3000c0ef
01c44783
0017f793
00079c63
00000513
01c12083
01812403
02010113
00008067
00040513
c28ff0ef
00400613
00a67e63
00042683
00c10593
00040513
d9cff0ef
00c12503
fcdff06f
fc0502e3
00014537
4ae00593
16450513
2a40c0ef
fb1ff06f
fe010113
00812c23
01212823
01312623
01412423
00112e23
00912a23
00050413
00058913
00060a13
00068993
00059a63
00014537
4c700593
16450513
2600c0ef
00041a63
00014537
4c800593
16450513
24c0c0ef
01c44483
00040513
b90ff0ef
0014f493
00249493
00050693
02a4e663
00000493
01c12083
01812403
01012903
00c12983
00812a03
00048513
01412483
02010113
00008067
000a0613
00090593
00040513
d8cff0ef
00050493
fc0502e3
01442783
fc0780e3
01442503
02442583
00098793
00000713
00000693
00000613
be8fc0ef
00042a23
f9dff06f
ff010113
00812423
00112623
00050413
00051a63
00014537
53b00593
16450513
1a00c0ef
00042783
00442503
00c12083
00812403
40f50533
00153513
01010113
00008067
ff010113
00912223
00112623
00812423
00050493
00051a63
00014537
55700593
16450513
1580c0ef
01c4c403
00048513
92dff0ef
00147413
00241413
00c12083
00a43533
00812403
00412483
00154513
01010113
00008067
fd010113
02912223
02112623
02812423
03212023
01312e23
01412c23
01512a23
01612823
01712623
01812423
fff50713
fee00793
00000493
02e7e063
00f57793
01050493
00078a63
fef78713
0a976e63
02050513
40f504b3
a65fa0ef
8a81a783
06079263
20000737
72870713
00f77693
000147b7
00068c63
00f70693
ff06f693
00f707b3
40d787b3
00068713
00f707b3
8ac18693
ff078793
ff07f793
0006a223
00e6a023
0007a223
0007a023
40e786b3
8af1a423
00f72023
8ad1a023
00d72223
8ad1a223
04904663
c01fa0ef
01c0c0ef
00000a13
02c12083
02812403
02412483
02012903
01c12983
01412a83
01012b03
00c12b83
00812c03
000a0513
01812a03
03010113
00008067
00000493
f4dff06f
8a41a783
fa97eae3
8ac1a403
200009b7
72898993
8ac18913
01346863
200147b7
72778793
0087fa63
00014537
0f500593
18050513
7e10b0ef
00014bb7
20014c37
00442783
0097f663
00042a03
0e0a1863
8a81a783
f68782e3
00092a03
010a0a13
013a6863
200147b7
72778793
0147fa63
00014537
10500593
18050513
7990b0ef
00042783
00f92023
00442783
0097fa63
00014537
10d00593
18050513
7790b0ef
00442783
02000713
409786b3
02d77e63
009409b3
00f9f793
00078a63
00014537
11600593
18050513
74d0b0ef
00442783
409787b3
00f9a223
00092783
00f9a023
01392023
00048793
8a41a703
8a01a603
40f70733
8ae1a223
00c77463
8ae1a023
80000737
00e7e7b3
00f42223
89c1a783
00042023
00178793
88f1ae23
a9dfa0ef
00fa7793
ea0780e3
00014537
15700593
18050513
6e10b0ef
e8dff06f
013a6663
727c0793
0147f863
0fb00593
180b8513
6c50b0ef
00040913
000a0413
ee5ff06f
16050e63
fe010113
01312623
200009b7
00812c23
00912a23
00112e23
01212823
ff050413
72898993
00050493
01346863
200147b7
72778793
0087fa63
00014537
16a00593
18050513
66d0b0ef
ff44a783
0007ca63
00014537
16b00593
18050513
6550b0ef
ff04a783
00078a63
00014537
16c00593
18050513
63d0b0ef
ff44a783
0e07d063
ff04a703
0c071c63
00179793
0017d793
fef4aa23
fb4fa0ef
8a41a683
ff44a783
00d787b3
8af1a223
8ac18713
8ac18793
00070913
00072703
fe876ce3
02f90263
01396863
200147b7
72778793
0127fa63
00014537
1fa00593
18050513
5d50b0ef
00492703
00e907b3
00f41a63
ff44a783
00090413
00e787b3
00f92223
00442683
00092703
00d40633
00070793
00c71e63
8a81a783
00f70a63
00472783
00d787b3
00f42223
00072783
00f42023
00890463
00892023
8981a783
01812403
01c12083
01412483
01012903
00c12983
00178793
88f1ac23
02010113
8fdfa06f
01c12083
01812403
01412483
01012903
00c12983
02010113
00008067
00008067
ff010113
f14027f3
00f12623
00c12703
004017b7
80078793
00f70733
00371713
0200c6b7
0200c5b7
8ae1ac23
ffc68693
ff858593
0006a503
0005a783
0006a603
fea61ae3
000066b7
1a868693
00d786b3
00f6b833
00d72023
00c805b3
00b72223
0000c737
35070713
00e78733
00f737b3
00c787b3
8ce1a023
8cf1a223
01010113
00008067
20014537
ff010113
4b000613
0ee00593
73050513
00112623
7b90c0ef
f61ff0ef
000017b7
88078793
3047a073
1d80c0ef
00c12083
00000513
01010113
00008067
ff010113
00812423
00912223
00112623
00050493
00058413
e00fa0ef
40950533
00857663
2f700713
8ce1ae23
00740413
00a47663
2ff00713
8ce1ae23
00c12083
00812403
00412483
01010113
00008067
fb010113
04112623
04812423
04912223
05212023
03312e23
03412c23
03512a23
03612823
d44fb0ef
be1fa0ef
00050663
12300713
8ce1ae23
00014537
1a450513
a8dfa0ef
00050913
00051a63
00014537
0df00593
1ac50513
3c90b0ef
00700993
00015a37
22400a93
fff00713
00410693
00070613
00000593
00000513
a15fb0ef
00412783
0af9ee63
00279793
058a0713
00e787b3
0007a783
00078067
d2cfa0ef
00050493
06400713
00000693
00000613
00000593
00000513
9d9fb0ef
00050663
2ca00793
8cf1ae23
06400593
00048513
ee1ff0ef
cf4fa0ef
00050493
fff00713
00000693
00000613
00000593
00000513
9a1fb0ef
00050663
2d800793
8cf1ae23
03200593
00048513
ea9ff0ef
cbcfa0ef
00050493
06400713
00000693
00000613
00000593
00000513
969fb0ef
2e500793
0a051c63
06400593
00048513
e75ff0ef
00000713
00200693
00000613
00000593
00090513
ac1fb0ef
8e01a783
00178793
8ef1a023
f05ff06f
c60fa0ef
00050493
06400613
00000593
00000513
fe8fb0ef
00050663
17e00793
8cf1ae23
06400593
00048513
e1dff0ef
c30fa0ef
00050493
06400613
00000593
00000513
fb8fb0ef
00050663
18c00793
8cf1ae23
03200593
00048513
dedff0ef
c00fa0ef
00050493
06400613
00000593
00000513
f88fb0ef
f4050ae3
19900793
8cf1ae23
f49ff06f
bd8fa0ef
00050493
06400513
869fa0ef
06400593
00048513
da9ff0ef
bbcfa0ef
00050493
06400513
84dfa0ef
03200593
00048513
d8dff0ef
ba0fa0ef
00050493
06400513
831fa0ef
efdff06f
b8cfa0ef
00050493
00a12423
06400593
00810513
f3cfa0ef
00050b13
06400593
00048513
d51ff0ef
00100793
00fb0a63
00014537
13800593
1ac50513
1a90b0ef
b4cfa0ef
00050493
00a12423
06400593
00810513
efcfa0ef
03200593
00048513
d15ff0ef
b28fa0ef
00050493
00a12423
06400593
00810513
ed8fa0ef
00050b13
06400593
00048513
cedff0ef
00100793
e6fb0ae3
00014537
14d00593
1ac50513
1450b0ef
e61ff06f
200156b7
00000593
00300713
c5468693
00000613
00100513
db0fc0ef
00050493
ac4fa0ef
00050b13
06400593
00048513
8e0fd0ef
00050663
29800793
8cf1ae23
06400593
000b0513
c85ff0ef
a98fa0ef
00050b13
fff00593
00048513
8b4fd0ef
00050663
2a600793
8cf1ae23
03200593
000b0513
c59ff0ef
a6cfa0ef
00050b13
06400593
00048513
888fd0ef
2b300793
1a051663
000b0513
06400593
c31ff0ef
00048513
8a1fd0ef
db5ff06f
20015537
c3450513
c20fe0ef
00050493
a28fa0ef
00100693
00050b13
06400713
00068613
00068593
00048513
cacfe0ef
00050663
1bd00793
8cf1ae23
06400593
000b0513
bddff0ef
9f0fa0ef
00100693
00050b13
06400713
00068613
00068593
00048513
c74fe0ef
00050663
1cb00793
8cf1ae23
03200593
000b0513
ba5ff0ef
9b8fa0ef
00100693
00050b13
06400713
00068613
00068593
00048513
c3cfe0ef
00050663
1d800793
8cf1ae23
000b0513
06400593
b6dff0ef
00048513
869fe0ef
cf1ff06f
00100593
200156b7
00000713
be068693
8d818613
00058513
c40fc0ef
00000693
06400613
00810593
00050493
f84fc0ef
00100793
00f50663
24c00793
8cf1ae23
934fa0ef
00050b13
00000693
06400613
00810593
00048513
f58fc0ef
00050663
25700793
8cf1ae23
06400593
000b0513
aedff0ef
900fa0ef
00050b13
00000693
06400613
00810593
00048513
f24fc0ef
00050663
26500793
8cf1ae23
03200593
000b0513
ab9ff0ef
8ccfa0ef
00050b13
00000693
06400613
00810593
00048513
ef0fc0ef
e60500e3
27200793
8cf1ae23
e55ff06f
8d018693
00000613
00100593
00000813
00000793
00810713
00500513
c7dfe0ef
00050493
87cfa0ef
00050b13
06400693
00100613
00310593
00048513
a0cff0ef
00050663
20900793
8cf1ae23
06400593
000b0513
a35ff0ef
848fa0ef
00050b13
06400693
00100613
00310593
00048513
9d8ff0ef
00050663
21700793
8cf1ae23
03200593
000b0513
a01ff0ef
814fa0ef
00050b13
06400693
00100613
00310593
00048513
9a4ff0ef
00050463
8d51ae23
000b0513
06400593
9d1ff0ef
00048513
d15fe0ef
b55ff06f
00014537
fe010113
1d050513
00912a23
00112e23
00812c23
01212823
01312623
01412423
01512223
cb4fa0ef
00050493
00051a63
00014537
09c00593
1ac50513
5f00b0ef
00000413
00100993
0b400a93
f89f90ef
00000713
00300693
00040613
00000593
00050913
00048513
db8fb0ef
00700593
00000513
c01f90ef
09800513
bf4fa0ef
00048513
d90fa0ef
01350463
8d51ae23
00600593
00000513
bddf90ef
fff00613
00100593
00000513
ac8fb0ef
0fa00593
00090513
909ff0ef
00140413
00800793
00f41463
00000413
8e41a783
00178793
8ef1a223
f79ff06f
000145b7
00007537
ff010113
00000793
00600713
00000693
07800613
1a458593
eb450513
00112623
851f90ef
00c12083
000145b7
00007537
00000793
00700713
00000693
07800613
1d058593
8c450513
01010113
825f906f
8e41a883
8e01a703
8dc1a503
8c81a783
00153513
40e787b3
8cc1a703
00f037b3
41170733
00e03733
00e7f7b3
8e01a703
00f57533
8ce1a423
8e41a703
8ce1a623
00008067
fd010113
02812423
02912223
03212023
01412c23
01512a23
02112623
01312e23
01612823
05500913
19e00a93
0ae00a13
00000513
e94fa0ef
e29f90ef
00050993
9041a503
00000693
0af00613
00c10593
00012623
8f21a823
c44fc0ef
00050463
8f51aa23
dfdf90ef
41350533
1a700793
00aa7863
0be00793
00a7f663
1af00793
8ef1aa23
00000513
8f21a823
e3cfa0ef
dd1f90ef
00050993
9041a503
0af00613
00c10593
8f21a823
9f1fc0ef
00050663
1c200793
8ef1aa23
da9f90ef
41350533
1ca00793
00aa7863
0be00793
00a7f663
1d200793
8ef1aa23
8f21a823
8f81a783
00178793
8ef1ac23
f49ff06f
fc010113
02812c23
03212823
03412423
02112e23
02912a23
03312623
03512223
03612023
01712e23
01812c23
01912a23
20100a13
00100913
00500593
00000513
9d5f90ef
d31f90ef
00050493
0af00513
9c0fa0ef
d21f90ef
40950533
0b600793
00a7f663
1f000793
8ef1aa23
d09f90ef
00050a93
00a12623
00000493
04b00593
00c10513
8b4fa0ef
cedf90ef
415507b3
409787b3
0b600713
00f77463
8f41aa23
8fc1a783
04b48493
00178793
8ef1ae23
17700793
fcf494e3
04b00593
00c10513
878fa0ef
01250663
20d00793
8ef1aa23
02500513
93cfa0ef
04b00593
00c10513
858fa0ef
01250663
21700793
8ef1aa23
04b00513
91cfa0ef
04b00593
00c10513
838fa0ef
00050663
22100793
8ef1aa23
04b00593
00c10513
820fa0ef
01250663
22900793
8ef1aa23
05200513
8e4fa0ef
04b00593
00c10513
800fa0ef
00050663
23300793
8ef1aa23
00500593
00000513
8c5f90ef
00000613
00400a93
00a00b13
09b00c13
00c12223
0ecad663
00000793
00400493
0ba00b13
00f12223
12f4d663
00000613
00400a93
00a00b13
0ce00c13
00c12223
12cade63
9001a503
8e01a823
05500b13
a05f90ef
8f01a783
01400513
17679c63
85cfa0ef
00000793
8e01a823
00400b93
10300c13
00f12223
16fbd263
05500b13
8f01a783
01400513
1d679c63
830fa0ef
00000793
8e01a823
00400b13
13a00c13
00f12223
1cfb5263
9001a503
05500b13
9a5f90ef
8f01a783
01400513
1d679863
ffdf90ef
00000793
8e01a823
00400b93
15100c13
00f12223
1afbde63
05500a93
8f01a783
01400513
23579863
fd1f90ef
8fc1a783
00178793
8ef1ae23
de9ff06f
00cb14b3
b1df90ef
00050c93
9041a503
00048613
00810593
f40fc0ef
00050463
8f81aa23
afdf90ef
41950533
00957663
0a400793
8ef1aa23
00f48613
00a67663
0ac00793
8ef1aa23
00412603
00160613
ec1ff06f
9041a503
00000693
00000613
00410593
8f8fc0ef
01250463
8f61aa23
00412783
00178793
eadff06f
00cb14b3
aa1f90ef
00050c93
9041a503
00000693
00048613
00410593
8c4fc0ef
00050463
8f81aa23
a7df90ef
41950533
00957663
0d700793
8ef1aa23
00f48613
00a67663
0df00793
8ef1aa23
00412603
00160613
e6dff06f
ee9f90ef
e7dff06f
9041a503
00000613
00810593
e70fc0ef
01250463
8f81aa23
9041a503
00000693
00000613
00410593
858fc0ef
01250663
10b00793
8ef1aa23
8f01a703
05500793
00f71663
11100793
8ef1aa23
9001a503
00700593
e90f90ef
8f01a703
05500793
00f71663
11e00793
8ef1aa23
9001a503
00400593
e70f90ef
00412783
00178793
e19ff06f
e5df90ef
e1dff06f
9041a503
00000613
00810593
de4fc0ef
01250463
8f81aa23
00412783
00178793
e19ff06f
e31f90ef
e25ff06f
9041a503
00000693
00000613
00410593
fb9fb0ef
01250463
8f81aa23
9041a503
00000613
00810593
d9cfc0ef
01250663
15900793
8ef1aa23
8f01a703
05500793
00f71663
15f00793
8ef1aa23
9001a503
00700593
dd8f90ef
8f01a703
05500793
00f71663
16c00793
8ef1aa23
9001a503
00400593
db8f90ef
00412783
00178793
dc1ff06f
da5f90ef
dc5ff06f
ff010113
00000613
00400593
00500513
00112623
cb9fb0ef
90a1a223
06050063
000145b7
1d858593
e31fc0ef
000145b7
00007537
00000793
00500713
00000693
07800613
1ec58593
11850513
a30f90ef
00c12083
000145b7
00007537
90018793
00400713
00000693
07800613
1f458593
02c50513
01010113
a04f906f
00c12083
01010113
00008067
8fc1a883
8f81a703
8f41a503
8e81a783
00153513
40e787b3
8ec1a703
00f037b3
41170733
00e03733
00e7f7b3
8f81a703
00f57533
8ee1a423
8fc1a703
8ee1a623
00008067
fe010113
01212823
00000693
00058913
00000613
00000593
00812c23
00112e23
00912a23
01312623
01412423
01512223
00050413
e3dfb0ef
00100793
00f51463
90a1a823
0c800493
00014a37
00100993
00040513
c91fc0ef
00950863
09b00593
1fca0513
6290a0ef
00000593
00040513
df0fc0ef
01350463
9131a823
00092783
fff48493
00178793
00f92023
fc0492e3
00040513
c51fc0ef
00050a63
00014537
0ac00593
1fc50513
5e50a0ef
00000593
00040513
dacfc0ef
00100793
00f51463
90a1a823
01c12083
01812403
01412483
01012903
00c12983
00812a03
00412a83
02010113
00008067
00452703
fd010113
02812423
01512a23
02112623
02912223
03212023
01312e23
01412c23
01612823
01712623
0aa00793
00050413
00850a93
00f71863
00052503
000a8593
ed5ff0ef
00042503
00000593
d28fc0ef
00100793
00f51463
90a1a823
00100493
00014bb7
0c800b13
00042903
00000593
00090513
d00fc0ef
00951463
9091a823
00000993
00090513
b71fc0ef
01350863
0c400593
1fcb8513
5090a0ef
00000693
00000613
00000593
00090513
cd9fb0ef
00950463
9091a823
00842783
00198993
00178793
00f42423
fb699ee3
00000693
00000613
00000593
00090513
ca9fb0ef
00951463
9091a823
00042503
000a8593
e25ff0ef
f75ff06f
ff010113
0c800593
00912223
00058513
200154b7
00112623
00812423
c1dfb0ef
ca848413
0aa00793
00a42023
00000593
0c800513
00f42223
00042423
bfdfb0ef
00050793
00a42623
00042503
00042823
00042a23
00051463
06078c63
000145b7
22058593
b45fc0ef
00c42503
000145b7
23058593
b35fc0ef
00007437
000145b7
ca848693
00000793
00000713
07800613
24058593
74040513
f35f80ef
74040513
00812403
00c12083
00412483
200156b7
000145b7
00000793
00000713
cb468693
07800613
24858593
01010113
f01f806f
00c12083
00812403
00412483
01010113
00008067
9101a683
200157b7
ca878713
00872583
90c1a603
ca878793
00000513
00c58863
0016b513
0087a683
90d1a623
0147a603
9081a683
00d60863
0147a783
90f1a423
00008067
00000513
00008067
fe010113
3e800513
00112e23
00812c23
00912a23
01212823
01312623
01412423
01512223
999f90ef
d08f90ef
90a1ac23
00000513
968f90ef
00050413
00014ab7
000089b7
00014a37
3e800513
971f90ef
91418793
00040713
00000693
07800613
250a8593
a1098513
9001aa23
e31f80ef
00000793
00040713
91418693
07800613
258a0593
a1098513
e15f80ef
91c1d783
00178793
01079793
0107d793
90f19e23
fa9ff06f
fe010113
00812c23
00112e23
00912a23
01212823
00050413
00050463
00052403
00200493
05900913
00912423
01212623
00812583
00c12503
4c10b0ef
00a12623
0c800513
8d5f90ef
fe0400e3
00000513
8c9f90ef
00040513
e79f80ef
00000513
e71f80ef
fc5ff06f
00050713
000145b7
00008537
00000793
00000693
0b400613
26058593
96c50513
d71f806f
91c1d683
80c1d603
ff010113
00812423
00112623
00000413
00d60863
91c1d703
00100413
80e19623
bd8f90ef
9181a683
00050793
00000513
00d7ea63
9181a703
40e787b3
0047b793
0087f533
00c12083
00812403
01010113
00008067
fd010113
02812423
02912223
01312e23
01412c23
02112623
03212023
00100493
b64f90ef
b60f90ef
9301a503
00000613
00c10593
f99fb0ef
00050913
d54f90ef
00050463
9291aa23
d48f90ef
fc090ae3
92c1a783
00c12703
00f70463
9291aa23
9341a703
fa970ee3
00178793
92f1a623
fb1ff06f
fe010113
00812c23
00912a23
01212823
01312623
00112e23
00100493
af4f90ef
9301a503
00000693
00000613
92818593
92dfb0ef
00950463
9291ac23
ce0f90ef
08000513
f78f90ef
9281a783
00178793
92f1a423
fc9ff06f
ff010113
00812423
00050413
00000513
00912223
00112623
0fe00493
b15f90ef
00042783
00178793
00f42023
00042783
fef4f8e3
00000513
af9f90ef
fe5ff06f
fd010113
02812423
02912223
01312e23
01412c23
01512a23
02112623
03212023
01612823
01712623
00000993
00300a93
00014a37
9401a023
00500913
00100b93
9481a503
aadf90ef
9481a503
de5f80ef
01550863
10c00593
268a0513
0850a0ef
9481a503
9401ab03
854f90ef
9481a503
dc1f80ef
01750863
12100593
268a0513
0610a0ef
08000513
e9cf90ef
9ecf90ef
9401a783
fff90913
01091913
416787b3
0017b793
01095913
00f9e9b3
bd8f90ef
f80918e3
9481a503
a39f90ef
9441a503
9401a023
d6df80ef
01550863
14400593
268a0513
00d0a0ef
9441a503
fe1f80ef
9441a503
d4df80ef
01550863
15500593
268a0513
7ec0a0ef
9401a703
0ff00793
02f71e63
02099663
30047073
200007b7
01c7a683
93c1d783
00178793
01079793
0107d793
92f19e23
00069463
30046073
9481a503
f89f80ef
efdff06f
00100993
ff1ff06f
fe010113
00912a23
00050493
00000513
00812c23
01212823
01312623
00112e23
da1f80ef
00050413
00150993
00014937
00000513
00098593
dadf80ef
00000513
d81f80ef
00a98863
0e000593
26890513
74c0a0ef
0004a783
00000513
00040593
00178793
00f4a023
d7df80ef
00000513
d51f80ef
fa850ee3
0e900593
26890513
71c0a0ef
fadff06f
ff010113
00000613
00400593
00100513
00112623
00812423
c70fb0ef
92a1a823
0c050863
000145b7
28858593
de8fc0ef
000145b7
00008537
94018693
94818793
00000713
07800613
2a058593
d4850513
9e9f80ef
000145b7
00008537
94018693
94418793
00100713
07800613
2a858593
bc450513
9c5f80ef
000145b7
00008537
00000793
00000713
00000693
07800613
2b058593
c0450513
9a1f80ef
000145b7
00008537
00000793
00000713
00000693
07800613
2b858593
b6c50513
97df80ef
00812403
00c12083
000145b7
00008537
00000793
00000713
00000693
07800613
2c058593
af850513
01010113
94df806f
00c12083
00812403
01010113
00008067
92c1a583
93c1d303
9241d683
9381a783
9341a503
9201a703
406686b3
00d036b3
40b70733
00e03733
fff78793
00d77733
00f037b3
00e7f7b3
93c1d703
fff50513
00a03533
92e19223
92b1a023
00f57533
00008067
fe010113
00812c23
01212823
00112e23
00912a23
01312623
00050413
eedf90ef
9641a783
00300913
00a78463
00500913
00000513
f9cf90ef
96c1a503
fff00713
00000693
00100613
00090593
9bcfd0ef
fe0510e3
00f00993
00014937
00000513
f70f90ef
96c1a503
00000693
00f00613
00040593
ca0fd0ef
00f57513
01351863
12d00593
2c890513
5380a0ef
96c1a503
fff00693
00f00613
00040593
c78fd0ef
00f57513
01350863
13700593
2c890513
5100a0ef
00000513
f18f90ef
96c1a503
fff00693
00f00613
00040593
c48fd0ef
00f57513
01350863
14700593
2c890513
4e00a0ef
96c1a503
fff00713
00100693
00000613
00f00593
910fd0ef
f60500e3
14d00593
2c890513
4b80a0ef
f51ff06f
fe010113
01212823
01312623
01412423
00112e23
00812c23
00912a23
00000a13
00000513
e9cf90ef
96c1a503
00100693
00068613
fff00713
00200593
8bcfd0ef
00050493
96c1a503
fff00713
00100693
00000613
0a200593
8a0fd0ef
00050413
00000513
e5cf90ef
96c1a503
00100693
fff00713
00068613
0a200593
87cfd0ef
f0150793
f5e48493
00f037b3
009034b3
0097e533
0a247493
f5e48493
009034b3
00a4e4b3
00000513
e18f90ef
96c1a503
fff00693
00f00613
00200593
b48fd0ef
00050413
96c1a503
00000593
00f47413
a38fd0ef
00a03533
00a4e4b3
ff140413
96c1a503
00803433
00946433
00000593
01446433
970fd0ef
00a46433
00100a13
00041a63
9741a783
014787b3
96f1aa23
00000a13
00000513
da8f90ef
96c1a503
fff00693
00f00613
00200593
ad8fd0ef
00050493
96c1a503
00000593
00f4f493
9c8fd0ef
00a03433
96c1a503
ff148493
01446433
009034b3
fff00713
00100693
00000613
00f00593
00946433
f8dfc0ef
00a46433
00040e63
00014537
1f100593
2c850513
32c0a0ef
00100a13
e95ff06f
9741a783
00000a13
00178793
96f1aa23
e81ff06f
f4010113
0b512223
0a112e23
0a812c23
0a912a23
0b212823
0b312623
0b412423
0b612023
09712e23
09812c23
09912a23
09a12823
09b12623
00a12023
ed9fc0ef
96a1a623
00051a63
00014537
0d600593
2c850513
2b80a0ef
9641a503
00800b13
ffcf80ef
00050493
9601a503
ffd48493
009034b3
fe8f80ef
ffd50413
00803433
00946433
00100a13
9641a503
a5df80ef
9601a503
a55f80ef
9641a503
fc0f80ef
00050493
9601a503
ffe48493
009034b3
facf80ef
ffe50793
00f037b3
0097e533
008564b3
96c1a503
000a0593
898fd0ef
003a7793
9641a503
5c079c63
f80f80ef
ffe50513
00a03533
005a7793
009564b3
9601a503
5c079463
f64f80ef
ffe50413
00803433
fffb0b13
00946433
001a1a13
f60b1ce3
9641a503
9d1f80ef
9601a503
9c9f80ef
96c1a503
a78fd0ef
de9fc0ef
96a1a623
00051a63
00014537
0e100593
2c850513
1c80a0ef
00012503
99df80ef
00012503
f08f80ef
02a12023
96c1a503
0a200593
800fd0ef
96c1a503
00000713
00000693
00000613
0ff00593
dd9fc0ef
02a12223
00012503
ed4f80ef
00050a93
96c1a503
0fd00593
fcdfc0ef
96c1a503
00000713
00000693
00000613
0ff00593
da5fc0ef
00050a13
00012503
ea0f80ef
00050993
96c1a503
00200593
f99fc0ef
00012503
e88f80ef
02a12423
96c1a503
00000593
f81fc0ef
02a12623
96c1a503
00200593
ecdfc0ef
02a12823
00012503
8e9f80ef
00012503
e54f80ef
02a12a23
96c1a503
00200593
f4dfc0ef
00012503
e3cf80ef
02a12c23
96c1a503
00000713
00000693
00000613
0ff00593
d19fc0ef
02a12e23
96c1a503
0ff00593
e75fc0ef
04a12023
96c1a503
00000593
e65fc0ef
04a12223
00012503
df4f80ef
00a12223
9641a503
de8f80ef
00a12423
9601a503
ddcf80ef
00a12623
96c1a503
00e00593
ed5fc0ef
96c1a503
00100613
00060593
fff00693
fbdfc0ef
00a12823
96c1a503
00000593
e0dfc0ef
00a12a23
96c1a503
00e00593
dfdfc0ef
96c1a503
00000593
df1fc0ef
00a12c23
00012503
80df80ef
9641a503
805f80ef
9601a503
ffcf80ef
00012503
d68f80ef
00050b13
9641a503
d5cf80ef
00050b93
9601a503
d50f80ef
00050c13
96c1a503
fff00693
00f00613
00100593
f3dfc0ef
00a12e23
96c1a503
00000593
d8dfc0ef
06a12e23
00012503
d1cf80ef
00050c93
9641a503
d10f80ef
06a12c23
9601a503
d04f80ef
06a12a23
00012503
f84f80ef
9641a503
f7cf80ef
9601a503
f74f80ef
00012503
ce0f80ef
06a12823
9641a503
cd4f80ef
06a12623
9601a503
cc8f80ef
06a12423
00200593
00000513
db0f80ef
96c1a503
fff00693
00f00613
00100593
ea9fc0ef
00050913
96c1a503
00000593
cf9fc0ef
06a12223
00012503
c88f80ef
06a12023
9641a503
c7cf80ef
04a12e23
9601a503
c70f80ef
00000593
04a12c23
00000513
d58f80ef
00012503
c58f80ef
04a12a23
9641a503
c4cf80ef
04a12823
9601a503
c40f80ef
04a12623
96c1a503
f79fc0ef
00012503
c2cf80ef
04a12423
9641a503
c20f80ef
00050d93
9601a503
00300d13
c10f80ef
04812383
04c12f83
05012e83
05412583
05812e03
05c12603
06012683
06412283
06812303
06c12883
07012803
07412703
07812783
07c12f03
25a51063
ffd38393
ffdd8d93
007033b3
01b03db3
ffef8f93
01b3edb3
01f03fb3
ffee8e93
01bfefb3
01d03eb3
ffe58593
01feeeb3
00b035b3
fffe0e13
01d5e5b3
01c03e33
fff60613
00be6e33
00c03633
fff68693
01c66633
00d036b3
ffe30313
00c6e6b3
00603333
ffe88893
00d36333
011038b3
ffe80813
0068e8b3
01003833
ffd70713
01186833
00e03733
ffd78793
01076733
00f037b3
ffdc8c93
00e7e7b3
01903cb3
ffec0c13
00fcecb3
01803c33
ffeb8b93
019c6c33
01703bb3
ffeb0b13
02812783
018bebb3
01603b33
ffea8a93
02c12703
017b6b33
01503ab3
f03a0a13
016aeab3
01403a33
ffe98993
015a6a33
013039b3
ffd78793
0149e9b3
00f037b3
f0170713
0137e7b3
00e03733
00f76733
03012783
02012683
00f97913
f0178793
00f037b3
00e7e7b3
03412703
ffe68693
00d036b3
ffe70713
00e03733
00f76733
03812783
ff190913
01203933
ffd78793
00f037b3
00e7e7b3
03c12703
fa370713
00e03733
00f76733
04012783
fa378793
00f037b3
00e7e7b3
00412703
ffd70713
00e03733
00f76733
00812783
ffd78793
00f037b3
00e7e7b3
00c12703
ffd70713
00e03733
00f76733
01412783
ff278793
00f037b3
00e7e7b3
02412703
f6070713
00e03733
00d76733
00e7e7b3
01012703
04412683
fff74713
00177713
00e7e7b3
01c12703
00f77713
ff170713
00e03733
00e7e7b3
01812703
0127e7b3
00d76733
01e76733
00576733
00e03733
00e7e7b3
00f46433
02041663
9781a783
00178793
96f1ac23
a81ff06f
9acf80ef
ffd50513
a2dff06f
9a0f80ef
ffd50413
a3dff06f
00014537
10400593
2c850513
439090ef
00100413
a51ff06f
fe010113
000145b7
00008537
00c10793
00100713
00000693
07800613
2f058593
03450513
00112e23
00812c23
00912a23
01212823
f1df70ef
00c12683
000145b7
00008537
00000793
00000713
07800613
2f858593
1d850513
ef9f70ef
00014937
000084b7
96418793
00100713
00400693
07800613
30090593
f2448513
ed5f70ef
96018793
00100713
00800693
07800613
30090593
f2448513
eb9f70ef
9601a783
00079a63
00014537
0c100593
2c850513
37d090ef
f80fc0ef
96a1a423
00051a63
00014537
0c600593
2c850513
361090ef
01c12083
01812403
01412483
01012903
02010113
00008067
ff010113
00812423
9681a783
00112623
00912223
00079a63
00014537
3c200593
2c850513
321090ef
95c1a783
06400713
00178793
94f1ae23
04e79463
9681a503
955fc0ef
02050063
00100713
94e1ac23
00c12083
00812403
00412483
01010113
00008067
9681a503
00000613
01200593
c0dfc0ef
00100793
fcf518e3
fd5ff06f
0c800713
00e79a63
9681a503
909fc0ef
01200793
fe5ff06f
12c00713
fae79ae3
9681a503
01200593
8d5fc0ef
00100713
00e50463
94e1ac23
9581a783
9401ae23
f80798e3
9701a783
00178793
96f1a823
f81ff06f
9781a603
9541a783
9781a683
40c787b3
94d1aa23
9741a583
9501a703
00f037b3
40b70733
00e03733
00e7f7b3
9741a703
94e1a823
9701a603
94c1a503
9701a683
40c50533
00a03533
94d1a623
00a7f533
00008067
ff010113
00812423
00112623
00000513
c1df80ef
9981a783
00178793
98f1ac23
fedff06f
fe010113
00812c23
00912a23
01212823
01312623
00112e23
00050493
00100413
00000513
be5f80ef
fff00593
00048513
99cfb0ef
00850e63
9881a783
00079663
9a81a223
fddff06f
9801a423
fd5ff06f
00000693
00000613
00000593
00048513
97dfa0ef
fc851ee3
fb9ff06f
fc010113
03212823
00050913
00100513
03612023
02112e23
02812c23
02912a23
03312623
03412423
03512223
01712e23
01812c23
01912a23
01a12823
01b12623
c5dfa0ef
00050b13
00051a63
00014537
39600593
30850513
135090ef
00100413
00200b93
00300a93
00000593
00090513
8f0fb0ef
00850463
9a81a223
00000513
9801ac23
f2df70ef
00050463
9a81a223
9941a503
8d4f80ef
9941a503
e41f70ef
01750a63
00014537
2ab00593
30850513
0dd090ef
00000513
ef9f70ef
01550463
9a81a223
00000513
00100593
f09f70ef
00000513
eddf70ef
01550463
9a81a223
9901a503
884f80ef
9981a783
00078463
9a81a223
00000593
000b0513
864fb0ef
00850463
9a81a223
00000693
00000613
00000593
00090513
859fa0ef
00850463
9a81a223
9981a783
00078463
9a81a223
00000513
e7df70ef
01550463
9a81a223
00000693
00000613
00000593
000b0513
821fa0ef
00850463
9a81a223
9981a783
00878463
9a81a223
00000513
e45f70ef
00850463
9a81a223
00000593
00000513
e55f70ef
99c1a783
00000593
00090513
00178793
98f1ae23
fc9fa0ef
00850463
9a81a223
00000513
9801ac23
e05f70ef
00050463
9a81a223
9941a503
fadf70ef
9941a503
d19f70ef
01750a63
00014537
33000593
30850513
7b4090ef
00000513
dd1f70ef
01550463
9a81a223
9901a503
f79f70ef
9981a783
00078463
9a81a223
00000593
000b0513
f59fa0ef
00850463
9a81a223
00000693
00000613
00000593
000b0513
f4cfa0ef
00850463
9a81a223
9981a783
00078463
9a81a223
00000513
d71f70ef
01550463
9a81a223
00000693
00000613
00000593
00090513
f14fa0ef
00850463
9a81a223
9981a783
00878463
9a81a223
00000513
d39f70ef
00050463
9a81a223
99c1a783
00090513
00178793
98f1ae23
d90fa0ef
00050463
9a81a223
00000593
00090513
eb9fa0ef
00850463
9a81a223
00090513
d6cfa0ef
00050c13
814f90ef
00ac0463
9a81a223
00000513
ce1f70ef
00050463
9a81a223
9941a503
e89f70ef
00000513
cc9f70ef
01550463
9a81a223
98c1a503
e71f70ef
00000513
cb1f70ef
01550463
9a81a223
9841a503
00757513
cbcf80ef
9941a503
9881a423
e54f80ef
00850463
9a81a223
00000513
c81f70ef
15751463
98c1a503
9881a423
e34f80ef
00850463
9a81a223
00000513
c61f70ef
12051a63
00090513
d20fa0ef
00050d93
f71f80ef
00ad8463
9a81a223
00000693
00000613
00000593
00090513
df0fa0ef
00090513
cf4fa0ef
00050463
9a81a223
9a41a783
00078a63
00014537
23400593
30850513
5e4090ef
00000593
00090513
dadfa0ef
00850463
9a81a223
00000513
bedf70ef
00050463
9a81a223
98c1a503
d95f70ef
00000513
bd5f70ef
01750463
9a81a223
9941a503
d7df70ef
00000513
bbdf70ef
01550463
9a81a223
9941a503
9881a423
d6cf80ef
00850463
9a81a223
00000513
b99f70ef
07751c63
98c1a503
9881a423
d4cf80ef
00850463
9a81a223
00000513
b79f70ef
06051263
00000693
00000613
00000593
00090513
d20fa0ef
9a41a783
00078a63
00014537
28200593
30850513
524090ef
9841a783
00178793
98f1a223
bf1ff06f
00200513
b50f80ef
ea9ff06f
00200513
b44f80ef
ebdff06f
00200513
b38f80ef
f79ff06f
00200513
b2cf80ef
f8dff06f
fd010113
02812423
02912223
03212023
01412c23
01512a23
02112623
01312e23
01612823
00050493
00100413
00200a93
00400a13
9a01a783
00100693
00000613
00c10593
00048513
00f12623
c78fa0ef
00048513
ae4fb0ef
00850463
9a81a223
00000613
00410593
00048513
a55fa0ef
00850463
9a81a223
9a01a703
00412783
00f70463
9a81a223
00048513
aacfb0ef
00050463
9a81a223
9a01a783
00000693
00000613
00c10593
00048513
00f12623
c14fa0ef
00048513
a80fb0ef
00850463
9a81a223
00000613
00410593
00048513
9f1fa0ef
00850463
9a81a223
00048513
a58fb0ef
00050463
9a81a223
9a01a703
00412783
00f70463
9a81a223
00200793
00f12223
18fa7a63
00048513
a2cfb0ef
00300793
00f50463
9a81a223
00100693
00000613
00410593
00048513
00812223
b94fa0ef
00100693
00000613
00410593
00048513
00012223
b7cfa0ef
00048513
9e8fb0ef
00500793
00f50463
9a81a223
00100693
00000613
00410593
00048513
b54fa0ef
00050463
9a81a223
00000693
00000613
00410593
00048513
b38fa0ef
00050463
9a81a223
00000793
00f12223
10fa7c63
00048513
990fb0ef
00050463
9a81a223
00a00793
00000693
00000613
00410593
00048513
00f12223
af8fa0ef
00850463
9a81a223
00b00793
00000693
00000613
00410593
00048513
00f12223
ad4fa0ef
00850463
9a81a223
00048513
938fb0ef
01550463
9a81a223
00900793
00600b13
00f12223
10fb6063
00048513
918fb0ef
00500793
00f50463
9a81a223
00100693
00000613
00410593
00048513
a84fa0ef
00050463
9a81a223
00000693
00000613
00410593
00048513
a68fa0ef
00050463
9a81a223
00700793
00b00b13
00f12223
0cfb7663
00048513
8bcfb0ef
00050463
9a81a223
9a01a783
00178793
9af1a023
da1ff06f
00000693
00000613
00410593
00048513
a1cfa0ef
00412783
00178793
e4dff06f
00000613
00810593
00048513
cd1fa0ef
00850463
9a81a223
00812783
00412703
00f70463
9a81a223
fff7c793
00000613
00810593
00048513
00f12423
fccfa0ef
00850463
9a81a223
00412783
00812703
00e78463
9a81a223
00178793
e89ff06f
00100693
00000613
00410593
00048513
99cfa0ef
00850463
9a81a223
00412783
fff78793
ed9ff06f
00000613
00810593
00048513
f74fa0ef
00850463
9a81a223
00412783
00812703
00e78463
9a81a223
00178793
f05ff06f
fe010113
00812c23
00000613
00050413
00400593
00500513
00112e23
00912a23
ec5f90ef
00a12623
02050a63
000145b7
32c58593
83cfb0ef
00c12683
000145b7
00009537
00000793
00040713
07800613
33c58593
00450513
c3cf70ef
00100513
c20fa0ef
00050413
0a050663
000145b7
34458593
ffdfa0ef
000145b7
00009537
00040693
00000793
00000713
07800613
35458593
b5850513
bfcf70ef
000145b7
00009537
99018793
00200713
00000693
07800613
35c58593
ac850513
bd8f70ef
000094b7
000145b7
00040693
99418793
00300713
07800613
36458593
aec48513
bb4f70ef
00040693
01812403
01c12083
aec48513
01412483
000145b7
98c18793
00200713
07800613
36c58593
02010113
b84f706f
01c12083
01812403
01412483
02010113
00008067
9a01a703
9801a683
00e69663
00100713
9ae1a223
99c1a503
97c1a803
00a81663
00100513
9aa1a223
9a01a583
99c1a683
9a41a503
98b1a023
96d1ae23
00153513
00008067
fd010113
03212023
01312e23
01412c23
01612823
01712623
02112623
02812423
02912223
01512a23
19d00b93
00100a13
00300b13
9c01a503
e25fa0ef
00050463
9d71aa23
19000513
9b41aa23
dfdf70ef
9c01a503
9a01aa23
e05fa0ef
01650663
1a900793
9cf1aa23
9c01a503
e41fa0ef
00050663
1ae00793
9cf1aa23
9cc1a783
00000a93
00178793
9cf1a623
9c01a503
00000593
f44fa0ef
05450c63
016a8663
1bf00793
9cf1aa23
00800593
00000513
d9cf70ef
9c01a503
fff00593
9b41aa23
f18fa0ef
9c01a503
fff00593
f0cfa0ef
00000593
00000513
9a01aa23
d70f70ef
9cc1a783
00178793
9cf1a623
f49ff06f
001a8a93
f99ff06f
fd010113
02812423
02912223
01512a23
01712623
01812423
02112623
03212023
01312e23
01412c23
01612823
00300b93
0bb00c13
00100493
9c81a503
c20f70ef
01750a63
00014537
0b500593
37450513
6bd080ef
00000513
cd8f70ef
00050463
9d81aa23
9bc1a503
00000593
e74fa0ef
00950663
0c100793
9cf1aa23
9c81a503
e68f70ef
9c81a503
bd4f70ef
00200793
00f50a63
00014537
0cc00593
37450513
66d080ef
00000513
c88f70ef
00950663
0d400793
9cf1aa23
9c41a503
0c800593
9a91ac23
e1cfa0ef
00950663
0dd00793
9cf1aa23
9c41a503
00000593
9a01ac23
e00fa0ef
00050663
0e600793
9cf1aa23
00000513
c3cf70ef
00950663
0ec00793
9cf1aa23
9c41a503
00000693
00000613
00000593
dddf90ef
00950663
0f400793
9cf1aa23
00000513
c08f70ef
00950663
0f900793
9cf1aa23
9bc1a503
00000693
00000613
00000593
da9f90ef
00950663
10200793
9cf1aa23
00000513
bd4f70ef
00050663
10700793
9cf1aa23
9c81a503
aecf70ef
01750a63
00014537
10c00593
37450513
589080ef
9c41a503
00000593
891f90ef
9d01a783
06400513
00178793
9cf1a823
badf70ef
9c81a503
ab0f70ef
01750a63
00014537
11b00593
37450513
54d080ef
00000513
b68f70ef
00050663
12100793
9cf1aa23
9bc1a503
00000593
d00fa0ef
00950663
12700793
9cf1aa23
9c81a503
cf4f70ef
9c81a503
a60f70ef
00200793
00f50a63
00014537
13200593
37450513
4f9080ef
00000513
b14f70ef
00950663
13a00793
9cf1aa23
9c41a503
0c800593
9a91ac23
ca8fa0ef
00950663
14300793
9cf1aa23
9c41a503
00000593
9a01ac23
c8cfa0ef
00050663
14c00793
9cf1aa23
00000513
ac8f70ef
00950663
15200793
9cf1aa23
9bc1a503
00000693
00000613
00000593
c69f90ef
00950663
15a00793
9cf1aa23
00000513
a94f70ef
00950663
16200793
9cf1aa23
9c41a503
00000693
00000613
00000593
c35f90ef
00950663
16900793
9cf1aa23
00000513
a60f70ef
00050663
16e00793
9cf1aa23
9c41a503
00000593
f38f90ef
9d01a783
06400513
00178793
9cf1a823
a55f70ef
d39ff06f
fe010113
00812c23
00912a23
01212823
01312623
00112e23
00100913
18600993
00000513
df5f70ef
9bc1a503
fff00593
bacfa0ef
01250463
9d31aa23
9bc1a503
00000693
00000613
00000593
ba1f90ef
fd2508e3
18b00793
9cf1aa23
fc5ff06f
ff010113
00100513
00112623
eadf90ef
9ca1a223
00051a63
00014537
08600593
37450513
385080ef
00000593
00300513
b09f90ef
9ca1a023
00051a63
00014537
08800593
37450513
361080ef
00100513
e69f90ef
9aa1ae23
00051a63
00014537
08e00593
37450513
341080ef
000145b7
0000a537
9c818793
00100713
00000693
07800613
39858593
8dc50513
e41f60ef
000145b7
00009537
00000793
00000713
00000693
07800613
3a058593
5d850513
e1df60ef
00c12083
000145b7
00009537
00000793
00000713
00000693
07800613
3a858593
4e050513
01010113
df1f606f
fe010113
01212823
00112e23
00812c23
00912a23
00012623
c60f70ef
9b01a783
06300713
40f507b3
06f77663
9c41a783
00050413
00079a63
00014537
1e000593
37450513
285080ef
9b81a783
02078863
9c41a503
00000593
f35f90ef
9c41a503
00c10593
f29f90ef
00050a63
00014537
1e900593
37450513
251080ef
9b41a783
00078863
9c01a503
00c10593
f01f90ef
9a81a823
01c12083
01812403
01412483
01012903
02010113
00008067
9d01a603
9ac1a583
00c59663
20300613
9cc1aa23
9d01a683
9ad1a623
9cc1a603
9a81a583
00c59663
20a00613
9cc1aa23
9cc1a603
00160593
9cb1a623
9d41a503
9ac1a423
00153513
00008067
fc010113
02812c23
02112e23
02912a23
03212823
03312623
03412423
03512223
00100793
00050413
00a7da63
00014537
0d400593
3b050513
199080ef
00241413
9ec18a93
9e018793
008a8ab3
00000993
00014a37
00878433
00098613
3dca0593
00010513
5f1090ef
000aa503
01010493
00012823
fff00693
00f00613
00048593
0004a223
0004a423
00049623
00048723
c90fc0ef
00050913
00010513
491090ef
01250a63
00014537
0e700593
3b050513
121080ef
00010593
00048513
451090ef
00051c63
00042783
00178793
00f42023
00198993
f85ff06f
8001a823
ff5ff06f
fd010113
02812423
03212023
01312e23
02112623
02912223
00000413
000149b7
00040613
3dc98593
00010513
549090ef
00010513
419090ef
9ec18493
00050613
0004a503
00000693
00010593
91cfc0ef
00010513
3f9090ef
00050613
0044a503
00000693
00010593
900fc0ef
0fa00513
ec4f70ef
00140413
fa9ff06f
fe010113
00912a23
00000713
00050493
00000693
00100613
00000593
01800513
00112e23
00812c23
01212823
01312623
01412423
01512223
d09fb0ef
9ea1a423
000145b7
0000a537
00000793
00000713
00000693
00048613
3e058593
bf450513
b39f60ef
9ec18413
00000913
00014ab7
0000aa37
00200993
00000713
00000693
00100613
00000593
03c00513
cb5fb0ef
00a42023
00051a63
00014537
09000593
3b050513
7d0080ef
00000793
00090693
00100713
00048613
3eca8593
b14a0513
ad9f60ef
00190793
00440413
00100913
fb3794e3
01c12083
01812403
01412483
01012903
00c12983
00812a03
00412a83
02010113
00008067
9e01a603
9d81a583
9e018713
9d818793
02c58063
00c7a023
00472703
0047a603
00e60c63
00e7a223
8101a503
00008067
8001a823
fe5ff06f
8001a823
fedff06f
fe010113
00812c23
00912a23
01212823
01312623
01412423
01512223
00112e23
00000413
01400a13
00014937
00b00a93
a201a503
ee9fb0ef
01450463
01551c63
00041a63
a1c1a783
00178793
a0f1ae23
fe1ff06f
38600593
3f890513
6e0080ef
00100413
fcdff06f
fd010113
02812423
02912223
03212023
01312e23
02112623
00014937
00b00993
000144b7
a201a503
00000693
00500613
42490593
f19fb0ef
a201a503
e79fb0ef
01350863
35e00593
3f848513
688080ef
a201a503
00810593
00012423
00000693
00500613
00059223
9bcfc0ef
00810593
42490513
19d090ef
fa0506e3
36400593
3f848513
650080ef
f9dff06f
fc010113
02812c23
02912a23
03212823
03312623
03412423
02112e23
00050993
00000913
00810413
00014a37
01410493
00090613
42ca0593
00040513
00042023
00042223
00042423
285090ef
0004a023
0004a223
0004a423
00500693
00c00613
00048593
00098513
930fc0ef
fe0506e3
00048593
00040513
10d090ef
00050a63
00014537
2ae00593
3f850513
5bc080ef
00190913
f9dff06f
fd010113
02812423
01412c23
00410413
00014a37
02112623
02912223
03212023
01312e23
01512a23
00012223
00000613
42ca0593
00050993
00040513
00042223
00042423
1f1090ef
00040513
0c1090ef
00050493
00000913
5dd00a93
00040513
0ad090ef
00050613
00000693
00040593
00098513
db5fb0ef
fe9512e3
00190913
01591463
00000913
00090613
42ca0593
00040513
00042023
00042223
00042423
195090ef
00040513
065090ef
00050493
fadff06f
fb010113
04812423
03712623
00810413
00014bb7
04112623
04912223
05212023
03312e23
03412c23
03512a23
03612823
03812423
00012423
00012a23
00000613
42cb8593
00050a93
00040513
00042223
00042423
00012c23
00012e23
125090ef
00040513
7f4090ef
01410913
00050493
00000993
00000a13
5dd00c13
00000693
00c00613
00090593
000a8513
fc1fb0ef
06050863
06951a63
00040593
00090513
798090ef
00a03533
00198993
00aa6a33
01899463
00000993
00098613
42cb8593
00040513
00042023
00042223
00042423
00092023
00092223
00092423
0a5090ef
00040513
774090ef
00050493
f80a18e3
a101a783
00178793
a0f1a823
f81ff06f
f6049ee3
f95ff06f
00100a13
f71ff06f
fd010113
01612823
00050b13
00000513
02112623
03212023
01312e23
01512a23
02812423
02912223
01412c23
01712623
9e1f60ef
00050a93
03200513
a8cfc0ef
00050913
03200513
a80fc0ef
00050993
00091a63
00014537
2ce00593
3f850513
38c080ef
00099a63
00014537
2cf00593
3f850513
378080ef
002a9a93
a1418a13
02000493
00000413
02f00b93
015a0a33
00140a93
017a9a63
000a2783
00100a93
00178793
00fa2023
03200613
00000593
00090513
658090ef
00000413
07f00793
00890733
00970023
00148493
0ff4f493
00f49463
02000493
00140413
fe8a92e3
000b2503
03200693
00040613
00090593
b75fb0ef
fe0506e3
03200613
00000593
00098513
608090ef
004b2503
00098593
fff00693
00040613
e25fb0ef
00098593
00090513
604090ef
f60504e3
00014537
30300593
3f850513
2b4080ef
f55ff06f
fd010113
02812423
00050413
03200513
02912223
02112623
03212023
01312e23
01412c23
01512a23
01612823
01712623
01812423
954fc0ef
00050493
00051a63
00014537
0cc00593
3f850513
260080ef
00040513
a39fb0ef
03200793
01148993
00050913
00f50a63
00014537
0d400593
3f850513
238080ef
00040513
870fc0ef
00100793
00f50a63
00014537
0d500593
3f850513
218080ef
00040513
ef1fb0ef
00050a63
00014537
0d700593
3f850513
1fc080ef
00000693
03600613
00048593
00040513
c55fb0ef
00050a63
00014537
0df00593
3f850513
1d4080ef
fff00693
03600613
00048593
00040513
a39fb0ef
00050a63
00014537
0e300593
3f850513
1ac080ef
00090b93
03000a13
00014b37
00600c13
20000ab7
00040513
814fc0ef
00050863
0ef00593
3f8b0513
180080ef
00600613
000a0593
00048513
490090ef
30047073
01caa783
00000693
00600613
00178793
00048593
00040513
00faae23
bb9fb0ef
01caa783
fff78793
00faae23
00079463
30046073
01850863
0fe00593
3f8b0513
128080ef
00040513
ff6b8b93
8fdfb0ef
00ab8863
10600593
3f8b0513
10c080ef
00040513
de5fb0ef
01850863
10b00593
3f8b0513
0f4080ef
001a0a13
03500793
f4fa1ae3
00040513
f65fb0ef
00100793
fce90913
00f50a63
00014537
11100593
3f850513
0c4080ef
00000693
00100613
00048593
00040513
929fb0ef
00050a63
00014537
11300593
3f850513
09c080ef
00000513
eb8f60ef
00800593
00050b13
00000513
eccf60ef
a29f60ef
01900693
00100613
00048593
00050c13
00040513
8e1fb0ef
00050b93
a09f60ef
00050a13
000b0593
00000513
e98f60ef
418a07b3
01800713
11f00593
00f77863
01b00713
00f77a63
12000593
00014537
3f850513
028080ef
000b8a63
00014537
12100593
3f850513
014080ef
03000b93
00600c13
00014a37
00600613
000b8593
00048513
318090ef
00000693
00500613
00098593
00040513
b35fb0ef
00050863
13100593
3f8a0513
7d5070ef
00040513
cadfb0ef
01850863
13600593
3f8a0513
7bd070ef
30047073
01caa783
00000693
00600613
00178793
00098593
00040513
00faae23
cfdfb0ef
01caa783
fff78793
00faae23
00079463
30046073
01850863
14300593
3f8a0513
775070ef
00600613
00098593
00048513
308090ef
00050863
14700593
3f8a0513
755070ef
00040513
00a90913
f28fb0ef
00a90863
14e00593
3f8a0513
739070ef
001b8b93
03500793
f2fb94e3
00040513
d65fb0ef
00100793
00f50a63
00014537
15300593
3f850513
70d070ef
00040513
ee4fb0ef
03200793
00f50a63
00014537
15500593
3f850513
6ed070ef
00040513
bc5fb0ef
00050a63
00014537
15800593
3f850513
6d1070ef
00800593
00000513
d0cf60ef
869f60ef
01900693
00600613
00098593
00050a93
00040513
9f9fb0ef
00050a13
849f60ef
00050913
000b0593
00000513
cd8f60ef
415907b3
01800713
16400593
00f77863
01b00713
00f77a63
16500593
00014537
3f850513
669070ef
000a0a63
00014537
16600593
3f850513
655070ef
03000a13
01100a93
00014937
01d00b13
01100613
000a0593
00048513
154090ef
00000693
01100613
00048593
00040513
e98fb0ef
01550863
17c00593
3f890513
611070ef
00040513
ae9fb0ef
01550863
18100593
3f890513
5f9070ef
00040513
dd0fb0ef
01650863
18800593
3f890513
5e1070ef
00000693
01100613
00098593
00040513
91dfb0ef
01550863
18d00593
3f890513
5bd070ef
01100613
00098593
00048513
150090ef
00050863
19100593
3f890513
59d070ef
00040513
a75fb0ef
00050863
19600593
3f890513
585070ef
001a0a13
09400793
f2fa1ce3
00040513
bb1fb0ef
00100793
00f50a63
00014537
19b00593
3f850513
559070ef
00040513
d30fb0ef
03200793
00f50a63
00014537
19d00593
3f850513
539070ef
00014937
00000693
03200613
43090593
00040513
d98fb0ef
00050a63
00014537
1a300593
3f850513
50d070ef
00040513
9e5fb0ef
00050a63
00014537
1b800593
3f850513
4f1070ef
00000693
02e00613
43090593
00040513
d54fb0ef
02e00793
00f50a63
00014537
1bd00593
3f850513
4c5070ef
00040513
99dfb0ef
02e00793
00f50a63
00014537
1c000593
3f850513
4a5070ef
00000693
02e00613
00048593
00040513
fe0fb0ef
02e00793
00f50a63
00014537
1c300593
3f850513
479070ef
02e00613
43090593
00048513
00c090ef
00050a63
00014537
1c500593
3f850513
455070ef
00048513
d99fb0ef
00040513
02812403
02c12083
02412483
02012903
01c12983
01812a03
01412a83
01012b03
00c12b83
00812c03
03010113
b54fb06f
fa010113
00000513
04812c23
04112e23
04912a23
05212823
05312623
05412423
05512223
a14f60ef
00100793
00050413
00a7fa63
00014537
25200593
3f850513
3d5070ef
00241a13
008a0633
00141693
20015737
008686b3
00361613
d2870713
00c70733
00469793
20015637
00f686b3
cc060613
00d606b3
00000813
00000793
00100613
00000593
03300513
928fb0ef
00050493
00000513
9a0f60ef
00014937
0000a437
0c051a63
00048513
8bdff0ef
00000793
00100713
a0c1a603
46890593
e9c40513
00048693
a2418913
e6df50ef
00000993
00c10413
00014ab7
01490933
00098613
42ca8593
00040513
00042023
00042223
00042423
7a1080ef
00040513
671080ef
00050613
0af00693
00040593
00048513
b78fb0ef
fe0502e3
00198993
06400593
00098513
5b9080ef
fa051ae3
00092783
00178793
00f92023
8fcf60ef
00100793
00f51663
03200513
90df60ef
00000813
00000793
01810713
00040693
00100613
00000593
00c00513
848fb0ef
980fb0ef
f6dff06f
00000793
00000713
f39ff06f
fd010113
00000713
00000693
00100613
00000593
03200513
02112623
02812423
02912223
03212023
f35fa0ef
00a12c23
00000713
00000693
00100613
00000593
03200513
f19fa0ef
01812783
00a12e23
00079a63
00014537
31900593
3f850513
231070ef
01c12783
00079a63
00014537
31a00593
3f850513
219070ef
03200513
8edfb0ef
00050413
00051a63
00014537
31e00593
3f850513
1f9070ef
b9cf60ef
00050913
01812503
0fa00693
03200613
00040593
d2cfb0ef
00050493
b7cf60ef
41250533
0f900793
00a7ea63
00014537
32300593
3f850513
1b9070ef
00048a63
00014537
32400593
3f850513
1a5070ef
00000513
fc1f50ef
00014937
0000a4b7
08051a63
00000793
00100713
0f848513
01810693
07800613
47490593
c99f50ef
000144b7
03200613
00000593
00040513
481080ef
01812503
03200613
fff00693
00040593
c9cfb0ef
00050613
00051c63
00a12623
33f00593
3f848513
135070ef
00c12603
01c12503
00040593
fff00693
998fb0ef
00000713
00000693
00100613
00000593
03200513
dd5fa0ef
fe1fa0ef
f95ff06f
01812503
e4cff0ef
00000793
00000713
f69ff06f
fe010113
01212823
00155613
0000b937
000145b7
00a60633
00812c23
00912a23
00050413
00000793
00100713
00000693
48058593
a5490513
00112e23
a0c1a623
bcdf50ef
a0c1a603
000145b7
00000793
00000713
00000693
48c58593
a5490513
badf50ef
00000713
00000693
00100613
00000593
03200513
d3dfa0ef
00050693
00a12623
000145b7
0000a537
00040613
00000793
00000713
49858593
fe850513
b6df50ef
00c12683
000145b7
0000a537
00040613
00000793
00000713
4a458593
f3450513
b49f50ef
a0c1a603
0000b437
000145b7
00000793
00100713
00000693
4b058593
8d040513
b25f50ef
a0c1a603
000145b7
00000793
00000713
00000693
4b858593
8d040513
b05f50ef
00000713
00000693
00100613
00000593
01400513
c95fa0ef
a2a1a023
00051a63
00014537
0b200593
3f850513
7b0070ef
000145b7
0000a537
00000793
00000713
00000693
07800613
4c058593
e1050513
ab1f50ef
01812403
01c12083
01412483
01012903
000145b7
0000a537
00000793
00000713
00000693
07800613
4cc58593
da850513
02010113
a79f506f
a141a683
a041a603
a1418713
a0418793
00000513
00d60663
00d7a023
00100513
00472703
0047a683
04e68a63
00e7a223
a101a703
a001a683
04d70663
a0e1a023
a241a683
9f81a603
a2418713
9f818793
02d60e63
00d7a023
00472703
0047a683
02e68a63
00e7a223
a1c1a703
9f41a683
02e68663
9ee1aa23
00008067
00000513
fb1ff06f
00000513
fb9ff06f
00000513
fc9ff06f
00000513
fd1ff06f
00000513
00008067
fd010113
02812423
03212023
01312e23
01412c23
01512a23
02112623
02912223
00050413
00011723
00000913
00100a13
20000ab7
00300493
00042503
00000693
00000613
00e10593
e48f80ef
05451263
02091063
30047073
a301a783
01caa703
00178793
a2f1a823
00071463
30046073
00e15783
00178793
00f11723
fff48493
fa049ce3
0c800513
c68f60ef
fa9ff06f
00100913
fe9ff06f
fd010113
02812423
02912223
03212023
01312e23
01412c23
01512a23
02112623
00050413
00000913
00000493
00100993
20000ab7
00042503
c34f90ef
00051863
0b400513
c14f60ef
fedff06f
00042503
00000613
00e10593
b9df80ef
fd351ce3
00e15783
02979a63
02091063
30047073
a341a703
01caa683
00170713
a2e1aa23
00069463
30046073
00178793
01079493
0104d493
fa1ff06f
00098913
fedff06f
ff010113
00812423
00000613
00050413
00200593
00a00513
00912223
00112623
ac8f80ef
a2a1a623
06050463
000145b7
4d858593
c40f90ef
000145b7
0000b537
00040713
a2c18693
00000793
07800613
4e858593
ed050513
841f50ef
00040713
00812403
00c12083
a2c18693
00412483
000145b7
0000b537
00000793
07800613
4f058593
e3850513
01010113
80df506f
00c12083
00812403
00412483
01010113
00008067
a341a503
00050663
a301a503
00a03533
a201aa23
a201a823
00008067
fd010113
01312e23
01412c23
112239b7
01234a37
02812423
02912223
03212023
02112623
00050913
00100413
34498993
567a0a13
fff00613
00c10593
00090513
f29f80ef
00850463
a481a623
00c12783
01378463
a481a623
00090513
ab0f90ef
00850463
a481a623
00000613
00c10593
00090513
00012623
a1df80ef
00850463
a481a623
00c12783
01378463
a481a623
fff00613
00c10593
00090513
ecdf80ef
00850463
a481a623
00c12783
01478463
a481a623
00090513
a54f90ef
00850463
a481a623
00000513
dfcf60ef
fff00613
00c10593
00090513
e91f80ef
00850463
a481a623
00c12703
aabbb7b7
abb78793
00f70463
a481a623
00000513
dc8f60ef
f35ff06f
fd010113
01312e23
01412c23
012349b7
aabbba37
02812423
02912223
03212023
02112623
00050493
00100413
56798993
abba0a13
fff00613
00c10593
00048513
e25f80ef
00850463
a481a623
00c12783
01378463
a481a623
00048513
9acf90ef
00850463
a481a623
00000513
d54f60ef
fff00613
00c10593
00048513
915f80ef
00850463
a481a623
00c12783
01478463
a481a623
00000513
d28f60ef
f99ff06f
fd010113
03212023
01234937
02812423
02912223
01312e23
01412c23
02112623
00050493
00100413
56790913
fff00613
00c10593
00048513
d8df80ef
00850463
a481a623
00c12783
01278463
a481a623
00048513
914f90ef
00850463
a481a623
a481a783
00000513
00178793
a4f1a423
cb0f60ef
fb9ff06f
fd010113
01312e23
01412c23
012349b7
11223a37
02812423
02912223
03212023
02112623
01512a23
01612823
00050493
344a0a13
00100413
56798993
00000693
00000613
00c10593
00048513
01412623
a2cf80ef
00850463
a481a623
00048513
890f90ef
00050463
a481a623
00000693
00000613
00c10593
00048513
01312623
9fcf80ef
00850463
a481a623
00000613
00c10593
00048513
00012623
fdcf80ef
00850463
a481a623
00c12783
01378463
a481a623
00a00513
824f60ef
a441a503
9b5f50ef
a401a503
9adf50ef
a3c1a503
9a5f50ef
aabbb7b7
abb78793
00100693
00000613
00c10593
00048513
00f12623
98cf80ef
00850463
a481a623
00000613
00c10593
00048513
c45f80ef
00050463
a481a623
a401a503
95df50ef
a3c1a503
955f50ef
00a00513
fb5f50ef
f11ff06f
ff010113
00000613
00400593
00500513
00112623
00812423
ec5f70ef
0a050863
000145b7
4f858593
00050413
83cf90ef
000145b7
0000b537
00040693
00000793
00000713
07800613
50c58593
24c50513
c3cf50ef
000145b7
0000b537
00040693
a4418793
00100713
07800613
51458593
1d450513
c18f50ef
000145b7
0000b537
00040693
a4018793
00200713
07800613
51c58593
13450513
bf4f50ef
00040693
00812403
00c12083
000145b7
0000b537
a3c18793
00300713
07800613
52458593
03050513
01010113
bc4f506f
00c12083
00812403
01010113
00008067
a481a603
a381a583
00c59663
00100613
a4c1a623
a481a683
a4c1a503
a2d1ac23
00153513
00008067
fd010113
00000613
00400593
00100513
02812423
02112623
02912223
03212023
01312e23
db5f70ef
00050413
00051a63
00014537
05900593
52c50513
028070ef
00a00913
00400993
00100493
00200693
00000613
00810593
00040513
01212423
fe9f70ef
00000613
00810593
00040513
00012423
dd0f80ef
00812783
ff678793
0017b793
0097f4b3
00000793
00f12623
02f9fc63
00000613
00810593
00040513
da4f80ef
00040513
e15f80ef
00153513
009574b3
f8048ce3
a581a783
00178793
a4f1ac23
f85ff06f
00200693
00000613
00c10593
00040513
f71f70ef
00000613
00810593
00040513
a31f80ef
00812783
00c12703
00040513
40e787b3
0017b793
0097f4b3
db9f80ef
00c12783
fff50513
00153513
009574b3
00178793
f71ff06f
fe010113
00a12623
00000613
00400593
00100513
00112e23
ca1f70ef
00c12703
01c12083
a4a1aa23
000145b7
0000b537
00000793
00000693
07800613
55458593
48050513
02010113
a20f506f
8141a683
00100713
00000513
00e69663
a581a503
00a03533
a401ac23
00008067
fe010113
00a00793
00812c23
00f12223
01400793
00f12423
a541a783
00112e23
00912a23
00079a63
00014537
0b800593
52c50513
6a5060ef
a501a783
00100713
00200693
06e78263
06d78a63
02079863
a541a503
00000613
00410593
9e0f80ef
a541a503
00c10593
c19f80ef
00c12703
00a00793
00f70463
8001aa23
a501a783
00200713
00178793
00f77463
00000793
01c12083
01812403
a4f1a823
01412483
02010113
00008067
a541a503
00000613
00810593
988f80ef
fc5ff06f
a541a503
00000613
00c10593
ab1f80ef
00c12703
01400793
fa1ff06f
ff010113
00112623
00300713
02a5f063
40b507b3
00100513
23100593
02f76063
00c12083
01010113
00008067
40a585b3
00100513
feb776e3
23a00593
00014537
55c50513
5bd060ef
00000513
fd5ff06f
ff010113
00010737
00812423
00112623
00912223
ffe70713
00500693
06a77c63
ffff0737
00170713
00e50733
02e6f063
ff800713
00a76c63
8181a583
f75ff0ef
00100793
00f50463
8201a023
8201a783
00079a63
00014537
1fd00593
55c50513
551060ef
8181a783
00178793
00078e63
80f1ac23
00c12083
00812403
00412483
01010113
00008067
000107b7
fff78793
fe1ff06f
02a6f263
40a70733
00600793
00e7fc63
a741a583
f09ff0ef
00100793
00f50463
8201a023
8201a783
00079a63
00014537
21d00593
55c50513
4e5060ef
a741a703
000107b7
ffe78793
00170713
00e7b7b3
fff78793
00f77733
a6e1aa23
f85ff06f
fc010113
02912a23
00900513
200154b7
02812c23
03212823
03312623
03412423
03512223
d9048913
02112e23
00012623
d65f80ef
a8a1a623
00c90993
d9048493
00100a13
00000613
00400593
00300513
9e1f70ef
00a92023
00051a63
00014537
42900593
55c50513
455060ef
a8c1a583
00092503
d2df80ef
1b450c63
8201a023
00490913
fd3910e3
0004a503
00000593
d49f80ef
00050463
8201a023
a8c1a583
0004a503
d35f80ef
00100793
00f50463
8201a023
0004a503
00c10593
00000693
00000613
bddf70ef
a8c1a583
0004a503
cd1f80ef
00050463
8201a023
0004a503
00000613
00c10593
9b4f80ef
a8c1a583
0004a503
cadf80ef
00100793
00f50463
8201a023
a8c1a503
0c800593
d0df80ef
00050463
8201a023
00000613
00400593
00100513
00012a23
00012c23
00012e23
901f70ef
00050493
10050863
a8c1a583
c61f80ef
00200693
00000613
01410593
00048513
b4df70ef
a8c1a503
9b9f80ef
00100793
20f51863
a8c1a503
00000613
01c10593
dfcf80ef
01c12783
00f48463
8201a023
01412783
00200693
00000613
00178793
01410593
00048513
00f12a23
b01f70ef
a8c1a503
96df80ef
00100793
00f50463
8201a023
a8c1a503
00000593
c59f80ef
00a12e23
00a48463
8201a023
00000613
01810593
00048513
8c0f80ef
01812703
01412783
00f70463
8201a023
a8c1a503
921f80ef
00050463
8201a023
a8c1a503
00000593
c11f80ef
00a12e23
00050463
8201a023
a8c1a583
00048513
bb9f80ef
00048513
a9df80ef
02c0006f
a8c1a583
00092503
b69f80ef
e40502e3
8201a023
e3dff06f
00014537
28100593
55c50513
269060ef
00100513
00200793
00000613
00400593
00a12823
00f12a23
00012c23
00012e23
fb8f70ef
00050913
00051a63
00014537
2d700593
55c50513
22d060ef
00000613
00400593
00100513
f90f70ef
00050993
34051463
00014537
2d900593
55c50513
205060ef
00100513
00200793
00000613
00400593
00a12823
00f12a23
00012c23
00012e23
f54f70ef
00050913
00051a63
00014537
37b00593
55c50513
1c9060ef
00000613
00400593
00100513
f2cf70ef
00050993
0c051463
00014537
37d00593
55c50513
1a1060ef
8201a783
00079a63
00014537
47200593
55c50513
189060ef
a7c1a503
00100913
200009b7
954f50ef
a921a223
00000513
f91f40ef
00050a13
a8c1a503
fff00593
ab9f80ef
00051c63
fe0a02e3
8201a023
fddff06f
8201a023
df1ff06f
00000613
01c10593
f19f70ef
01250463
8201a023
30047073
01c9a783
01c12503
00178793
00f9ae23
b69ff0ef
01c9a783
fff78793
00f9ae23
00079463
30046073
8201a783
f92796e3
a881a783
00178793
a8f1a423
f7dff06f
f40906e3
a8c1a583
00090513
9c1f80ef
a8c1a583
00098513
9b5f80ef
00200693
00000613
01010593
00090513
c21f70ef
a8c1a503
f0cf80ef
00100793
00f50463
8201a023
a8c1a503
00000613
01c10593
b4cf80ef
01c12783
00f90463
8201a023
00200693
00000613
01410593
00098513
bddf70ef
a8c1a503
ec8f80ef
00200793
00f50463
8201a023
a8c1a503
00000613
01c10593
b08f80ef
01c12783
00f90463
8201a023
00200693
00000613
01410593
00090513
b99f70ef
a8c1a503
e84f80ef
00200793
00f50463
8201a023
00200693
00000613
01010593
00098513
b71f70ef
a8c1a503
e5cf80ef
00200793
00f50463
8201a023
00200693
00000613
01410593
00090513
b49f70ef
a8c1a503
e34f80ef
00200793
00f50463
8201a023
00200693
00000613
01010593
00098513
b21f70ef
a8c1a503
e0cf80ef
00200793
00f50463
8201a023
a8c1a503
00000593
8f9f80ef
00a12e23
00a90463
8201a023
a8c1a503
de0f80ef
00100793
00f50463
8201a023
01c12503
00000613
01810593
d4df70ef
01812703
01412783
00f70463
8201a023
a8c1a503
00000593
8adf80ef
00a12e23
00a98463
8201a023
a8c1a503
d94f80ef
00050463
8201a023
01c12503
00000613
01810593
d05f70ef
01812703
01012783
00f70463
8201a023
a8c1a503
00000593
865f80ef
00a12e23
00050463
8201a023
a8c1a583
00090513
80df80ef
a8c1a583
00098513
801f80ef
00090513
ee4f80ef
00098513
edcf80ef
d35ff06f
cc0906e3
a8c1a583
00090513
fa4f80ef
a8c1a583
00098513
f98f80ef
00200693
00000613
01010593
00090513
e84f70ef
a8c1a503
cf0f80ef
00100793
00f50463
8201a023
a8c1a503
00000613
01c10593
930f80ef
01c12783
00f90463
8201a023
00200693
00000613
01410593
00098513
e40f70ef
a8c1a503
cacf80ef
00200793
00f50463
8201a023
a8c1a503
00000613
01c10593
8ecf80ef
01c12783
00f90463
8201a023
00200693
00000613
01410593
00090513
dfcf70ef
a8c1a503
c68f80ef
00200793
00f50463
8201a023
00200693
00000613
01010593
00098513
dd4f70ef
a8c1a503
c40f80ef
00200793
00f50463
8201a023
00200693
00000613
01410593
00090513
dacf70ef
a8c1a503
c18f80ef
00200793
00f50463
8201a023
00200693
00000613
01010593
00098513
d84f70ef
a8c1a503
bf0f80ef
00200793
00f50463
8201a023
a8c1a503
00000593
edcf80ef
00a12e23
00a90463
8201a023
a8c1a503
bc4f80ef
00100793
00f50463
8201a023
01c12503
00000613
01810593
b31f70ef
01812703
01412783
00f70463
8201a023
a8c1a503
00000593
e90f80ef
00a12e23
00a98463
8201a023
a8c1a503
b78f80ef
00050463
8201a023
01c12503
00000613
01810593
ae9f70ef
01812703
01012783
00f70463
8201a023
a8c1a503
00000593
e48f80ef
00a12e23
00050463
8201a023
a8c1a583
00090513
df0f80ef
a8c1a583
00098513
de4f80ef
00090513
cc8f80ef
00098513
cc0f80ef
ab5ff06f
fc010113
03212823
03312623
03412423
03612023
00c10b13
000089b7
00010a37
02812c23
02912a23
02112e23
03512223
01712e23
01812c23
00012623
a961a023
fff98993
fffa0a13
00100493
00003ab7
039a8a93
20015bb7
20015c37
a801a503
41c655b7
e6d58593
66c070ef
01550533
a8a1a023
01055513
00300593
01357533
6c8070ef
00251513
d84c0793
00a787b3
0007a683
d90b8713
00a70733
00072503
00168693
00d7a023
fff00613
00000693
000b0593
be0f70ef
00950463
8201a023
00c12783
00178793
01479463
00000793
00f12623
a701a783
01100693
00178793
a6f1a823
f6f6fce3
a6c1a783
a601a823
02978263
00200713
04e78063
f4079ee3
a781a503
00000593
9f1f40ef
a691a623
f3dff06f
a781a503
00048593
9ddf40ef
a7c1a503
00000593
9d1f40ef
00200793
a6f1a623
f19ff06f
a7c1a503
00100593
9b9f40ef
0c800513
a601a623
9a8f50ef
efdff06f
ff010113
00812423
000145b7
0000c537
00000693
a7c18793
00100713
07800613
58058593
03450513
00112623
e54f40ef
a7c1a683
02068c63
000145b7
0000c537
a7818793
00100713
07800613
58858593
82850513
e2cf40ef
a7c1a503
00812403
00c12083
01010113
d04f506f
00c12083
00812403
01010113
00008067
a881a603
a681a783
a881a683
20015837
40c787b3
a6d1a423
20015737
00f037b3
d7870713
00000613
00c00513
d8480693
00d606b3
0006a583
00072683
00460613
00b72023
40b686b3
00d036b3
00d7f7b3
00470713
fca61ce3
8201a703
a641a583
81c1a803
00000513
00b80c63
fff70713
00173713
00f77533
81c1a783
a6f1a223
00008067
fe010113
00812c23
a841a403
00112e23
00912a23
00100793
00f41c63
a601a783
06400693
00178793
00f6ee63
a6f1a023
01c12083
01812403
01412483
02010113
00008067
a8c1a503
a601a023
b94f80ef
02050063
00000613
00c10593
ea1f70ef
00850463
8201a023
00c12503
c40ff0ef
81c1a783
a5c1a703
00f12623
200157b7
00271713
d9078793
00e787b3
0007a503
00000693
00000613
00c10593
d24f70ef
00100793
f8f516e3
81c1a783
00178793
80f1ae23
81c1a783
00079863
000107b7
fff78793
80f1ae23
a5c1a783
00178793
0037a713
40e00733
00e7f7b3
a4f1ae23
f51ff06f
fd010113
02812423
02912223
03212023
01312e23
01412c23
02112623
00000413
00100993
aa01a503
00000593
aa8f80ef
fe050ae3
00000613
00c10593
f1cf70ef
01350463
8201a223
00c12783
02879063
00140413
8241a783
fd3796e3
a9c1a783
00178793
a8f1ae23
fbdff06f
8201a223
fe5ff06f
ff010113
00400593
00000613
00a00513
00112623
00812423
e61f60ef
aaa1a223
00a00513
9b8f80ef
00050593
aaa1a023
aa41a503
02050e63
02058c63
9acf80ef
00812403
00c12083
000145b7
0000c537
00000793
00000713
00000693
07800613
59058593
36c50513
01010113
bbcf406f
00c12083
00812403
01010113
00008067
a981a783
03200693
00178793
00f6e663
a8f1ac23
00008067
ff010113
aa41a503
00812423
00000693
00000613
a9418593
00112623
a801ac23
bb0f70ef
00100793
00f51863
a941a783
00178793
a8f1aa23
00c12083
00812403
01010113
00008067
a9c1a683
a901a603
00d61463
8201a223
8241a503
a8d1a823
00008067
fd010113
02812423
02912223
03212023
01412c23
01512a23
01812423
02112623
01312e23
01612823
01712623
00100413
00300a93
12500c13
ad41a503
00000593
a05f70ef
fe851ae3
ab81a503
d0cf40ef
01550a63
00014537
11d00593
59850513
7a9050ef
ab41a503
cf0f40ef
01550a63
00014537
11e00593
59850513
78d050ef
ac81a783
00879663
acc1a783
00878663
ad81a823
fa5ff06f
abc1a783
ab41a503
00178793
aaf1ae23
f3cf40ef
ab81a503
f34f40ef
ac81a783
00878663
acc1a783
00879663
14400793
acf1a823
00000513
d5cf40ef
00200793
00f50a63
00014537
14a00593
59850513
721050ef
ab81a503
c68f40ef
00200793
00f50a63
00014537
15000593
59850513
701050ef
ab41a503
c48f40ef
00200793
00f50a63
00014537
15100593
59850513
6e1050ef
ad41a503
96cf70ef
00850663
15800793
acf1a823
00000513
ce8f40ef
ee0508e3
00014537
15e00593
59850513
6b1050ef
eddff06f
fe010113
00812c23
00912a23
01212823
01312623
01412423
00112e23
00100413
0ff00a13
ad41a503
ffe00593
8b9f70ef
06851263
acc1a783
02878a63
0eb00793
acf1a823
ac01a703
ac41a683
00170713
00d70663
10500713
ace1a823
ac01a703
00170713
ace1a023
fbdff06f
ad41a503
8ccf70ef
00850663
0f300793
acf1a823
00000513
ac81a423
830f50ef
ac01a423
fb5ff06f
ad41a823
fadff06f
fe010113
00812c23
00912a23
01212823
01412423
01512223
00112e23
01312623
01612023
00100413
0a400a93
ad41a503
870f70ef
00851663
09300793
acf1a823
00a00993
ad41a503
00f00593
ffcf70ef
00850463
ad51a823
01400513
fff98993
bf1f40ef
fe0990e3
00a00993
0bc00b13
01400513
bddf40ef
ad41a503
824f70ef
00850463
ad61a823
fff98993
fe0992e3
ad41a503
80cf70ef
00851663
0c800793
acf1a823
ac41a783
00000513
00178793
acf1a223
ac81a623
f65f40ef
ac01a623
f6dff06f
ff010113
00400513
00112623
84cf70ef
aca1aa23
08050263
000145b7
5bc58593
c29f70ef
000145b7
0000c537
ab818793
00200713
00000693
07800613
5cc58593
6d850513
828f40ef
000145b7
0000c537
ab418793
00100713
00000693
07800613
5d458593
63c50513
804f40ef
00c12083
000145b7
0000c537
00000793
00000713
00000693
07800613
5dc58593
4dc50513
01010113
fd9f306f
00c12083
01010113
00008067
ac41a603
ab01a583
04c59063
17600713
ace1a823
ac01a603
aac1a583
02c59c63
18000713
ace1a823
abc1a603
aa81a583
02c59863
18a00713
ace1a823
ad01a503
00153513
00008067
ac41a683
aad1a823
fc5ff06f
ac01a683
aad1a623
fcdff06f
abc1a683
aad1a423
fd5ff06f
fd010113
02812423
02112623
02912223
03212023
01312e23
01412c23
01512a23
01612823
00050413
30047073
200007b7
ae01d983
01c7a683
ae01d783
01099993
4109d993
00178793
01079793
4107d793
aef19023
00069463
30046073
00842783
00442a03
0a078463
000017b7
fff78793
00f12623
ae418913
00199793
00000493
00100a93
00300b13
00f90933
00842583
00042503
b78f70ef
0b551063
000a2783
00c12703
40e787b3
00f037b3
00f4e4b3
00000793
00c12703
04f77e63
00042503
00000693
00000613
00000593
b51f60ef
06050063
00049e63
013b4c63
00095783
00178793
01079793
4107d793
00f91023
00842783
f8078ce3
00279513
00f50533
00151513
979f40ef
f85ff06f
0ff00793
f61ff06f
00fa2023
000a2703
40f70733
00e03733
00e4e4b3
00178793
f89ff06f
00100493
fbdff06f
00842783
f40798e3
00000073
f49ff06f
ff010113
00912223
00050493
00c00513
00112623
00812423
01212023
9b1f90ef
08050e63
00050413
00300613
00000593
00100513
831f60ef
00a42023
08050063
00000693
00000613
00000593
a89f60ef
00400513
979f90ef
00a42223
0ff00793
00f52023
0000d937
000145b7
00000793
00000713
00040693
07800613
5e458593
00042423
8ac90513
d8df30ef
000145b7
5ec58593
00000793
00000713
00040693
07800613
8ac90513
d6df30ef
00042503
000145b7
22058593
939f70ef
00c00513
90df90ef
00050413
0a050a63
00300613
00000593
00100513
f8cf60ef
00a42023
08050e63
00000693
00000613
00000593
9e5f60ef
00400513
8d5f90ef
000017b7
00a42223
fff78793
00f52023
0000d937
06400793
000145b7
00f42423
00048713
00040693
00000793
07800613
5f458593
8ac90513
ce1f30ef
000145b7
00048713
00040693
5fc58593
8ac90513
00000793
07800613
cc1f30ef
00042503
00812403
00c12083
00412483
00012903
000145b7
23058593
01010113
879f706f
00c12083
00812403
00412483
00012903
01010113
00008067
ad818793
00100513
00000693
00400813
00169713
ae418613
00e60633
00065583
00079703
00168693
01059593
4105d593
40b70733
00e03733
00e57533
00065703
00278793
fee79f23
fd0694e3
00008067
fe010113
00912a23
000084b7
01212823
01312623
00112e23
00812c23
fff48493
04a00993
af81a503
015a55b7
e3558593
301060ef
00150513
aea1ac23
01055513
09600593
00957533
35d060ef
00050413
00200513
efcf40ef
fc89f6e3
01c12083
00040513
01812403
01412483
01012903
00c12983
02010113
00008067
00000513
a9df406f
fc010113
02812c23
02912a23
03212823
03312623
03412423
03512223
02112e23
03612023
01712e23
00050413
00200993
00400a13
00100913
3e500a93
00000613
00010593
00040513
e21f60ef
00050663
3da00793
aef1a823
00000713
00000793
00e12023
00f12223
00000693
00000613
00010593
00040513
00079463
08ea7463
fecf60ef
00050663
3ee00793
aef1a823
00000713
00000793
3f900b13
3fe00b93
00e12023
00f12223
00000613
00079463
06ea7c63
00010593
00040513
dadf60ef
00050663
40700793
aef1a823
03299863
03c12083
03812403
03412483
03012903
02c12983
02812a03
02412a83
02012b03
01c12b83
04010113
00008067
00100993
f3dff06f
f68f60ef
01250463
af51a823
00012783
00412683
00178713
00f737b3
00d787b3
f3dff06f
00810593
00040513
d39f60ef
01250463
af61a823
00012783
00812703
00412683
00f71663
00c12703
00d70463
af71a823
00178713
00f737b3
00d787b3
f3dff06f
fe010113
00112e23
00812c23
00912a23
01212823
01312623
00050413
00058993
01412423
01512223
8a0f40ef
00050913
00a00593
00040513
ebdf60ef
00050493
888f40ef
41250533
00900793
00a7e663
38e00713
aee1a823
00048663
39300713
aee1a823
00000913
39e00a93
00000693
00000613
00000593
00040513
e88f60ef
00051463
af51a823
00190493
0c999e63
00000693
00000613
00000593
00040513
e64f60ef
00050663
3a700713
aee1a823
00040513
cc4f70ef
00950a63
00014537
3aa00593
60450513
658050ef
00000493
3b400a13
00000593
00040513
e19f60ef
00051463
af41a823
00148793
08991263
fd9f30ef
00050913
00a00593
00040513
df5f60ef
00050493
fc1f30ef
41250533
00900793
00a7e663
3c000713
aee1a823
00048663
3c500713
aee1a823
00040513
c48f70ef
04050263
01812403
01c12083
01412483
01012903
00c12983
00812a03
00412a83
00014537
3c800593
60450513
02010113
5bc0506f
00048913
f01ff06f
00078493
f61ff06f
01c12083
01812403
01412483
01012903
00c12983
00812a03
00412a83
02010113
00008067
fe010113
00812c23
00112e23
00912a23
01212823
01312623
01412423
00050413
ff8f60ef
00050663
41900713
aee1a823
00500493
00100913
42300a13
00000593
00040513
f7df60ef
01250463
af41a823
fff48493
fe0494e3
00500493
00100913
42f00a13
00040513
fb0f60ef
01250463
af41a823
fff48493
fe0496e3
00040513
f98f60ef
00050663
43800713
aee1a823
01c12083
01812403
01412483
01012903
00c12983
00812a03
02010113
00008067
ff010113
00000593
00812423
00112623
00050413
a74f80ef
00050663
35b00713
aee1a823
0aa00593
00040513
b00f80ef
00000593
00040513
a50f80ef
0aa00793
00f50663
36500713
aee1a823
05500593
00040513
ad8f80ef
00000593
00040513
a28f80ef
0ff00793
00f50663
36e00713
aee1a823
0aa00593
00040513
a0cf80ef
00000593
00040513
a00f80ef
05500793
00f50663
37900713
aee1a823
00c12083
00812403
01010113
00008067
f6010113
09212823
09412423
09512223
09612023
08112e23
08812c23
08912a23
09312623
07712e23
07812c23
00014a37
00300a93
00100913
00500b13
00000513
a0df30ef
00c10413
200157b7
0000d4b7
00150713
00040813
e1878793
00000693
07800613
630a0593
c5448513
dd8f30ef
00a12423
50051e63
2f800713
aee1a823
00000513
9c9f30ef
00150713
00810793
c5448513
00000693
07800613
630a0593
eacf30ef
00050493
00812503
8cdf30ef
01550663
31600713
aee1a823
01248e63
00014537
31900593
60450513
35c050ef
31d00713
aee1a823
00812503
200159b7
f44f30ef
20015637
d9c98693
00000713
df060613
00800593
00500513
fb9f50ef
d9c98993
00050493
01350a63
00014537
17d00593
60450513
310050ef
00048513
a81ff0ef
00048513
b08f70ef
00000613
00800593
00500513
864f60ef
00050493
00051a63
00014537
18f00593
60450513
2d8050ef
00048513
a49ff0ef
00048513
ad0f70ef
9b9ff0ef
904f40ef
af41a783
00300713
00040693
00178793
00000613
00000593
00100513
aef1aa23
f29f50ef
00050993
00850a63
00014537
1fb00593
60450513
284050ef
00100593
00098513
b59ff0ef
00098513
a78f70ef
00300613
00000593
00100513
fd5f50ef
00050993
00051a63
00014537
20900593
60450513
248050ef
00100593
00098513
b1dff0ef
00098513
a3cf70ef
00300613
00000593
00100513
f99f50ef
00050993
00050a63
00000693
00000613
00000593
9f0f60ef
00000593
00098513
9d5f60ef
00051663
21a00713
aee1a823
00100593
00098513
ac9ff0ef
00098513
9e8f70ef
00040613
00000593
00a00513
904f60ef
00050993
00850a63
00014537
11800593
60450513
1b8050ef
00a00593
00098513
a8dff0ef
00098513
9acf70ef
00000593
00a00513
928f60ef
00050993
00051a63
00014537
12600593
60450513
180050ef
00a00593
00098513
a55ff0ef
00098513
974f70ef
85dff0ef
fa9f30ef
af41a783
00040593
00100513
00178793
aef1aa23
b84f60ef
00050993
00850a63
00014537
1b300593
60450513
134050ef
00000593
00098513
8fdf60ef
01250663
1bb00713
aee1a823
00100593
00098513
9f1ff0ef
00098513
910f70ef
00100513
c10f60ef
00050993
00051a63
00014537
1cd00593
60450513
0e8050ef
00000593
00098513
8b1f60ef
01250663
1d500713
aee1a823
00100593
00098513
9a5ff0ef
00098513
8c4f70ef
00040593
00400513
ae8f60ef
00050993
00850a63
00014537
14500593
60450513
098050ef
00098513
b0dff0ef
00098513
890f70ef
00400513
b90f60ef
00050993
00051a63
00014537
15400593
60450513
068050ef
00098513
addff0ef
00098513
860f70ef
f48ff0ef
e95f30ef
af41a783
00040513
00178793
aef1aa23
bd5f70ef
00050993
00850a63
00014537
2bf00593
60450513
024050ef
00098513
b49ff0ef
00098513
8a8f80ef
c19f70ef
00050993
00051a63
00014537
2ce00593
60450513
7f9040ef
00098513
b1dff0ef
00098513
87cf80ef
0000dc37
00014bb7
00040793
668c0713
00810693
00100613
01400593
638b8513
eecf70ef
00050993
00850a63
00014537
25f00593
60450513
7ad040ef
00012423
94df30ef
00050613
00000713
00000693
00100593
00098513
f98f70ef
01250663
26a00713
aee1a823
06400513
dbdf30ef
00812783
01678663
27300713
aee1a823
00000713
00000693
00000613
00500593
00098513
f5cf70ef
01250663
27d00713
aee1a823
af41a783
668c0713
00810693
00178793
00100613
01400593
638b8513
aef1aa23
d98f70ef
00050413
00051a63
00014537
28e00593
60450513
709040ef
00012423
8a9f30ef
00050613
00000713
00000693
00100593
00040513
ef4f70ef
01250663
29500713
aee1a823
06400513
d19f30ef
00812783
01678663
29c00713
aee1a823
00000713
00000693
00000613
00500593
00040513
eb8f70ef
ab250ee3
2a300713
aee1a823
ab1ff06f
be8f30ef
01550663
2fe00713
ae1ff06f
00812503
a80f30ef
ad9ff06f
ff010113
00812423
00112623
00050413
921f70ef
00052783
00500713
00178793
00f52023
02e79663
00000713
00000693
00000613
00300593
00040513
e4cf70ef
00100793
00f50663
23b00713
aee1a823
00c12083
00812403
01010113
00008067
20015837
200157b7
000145b7
0000d537
3b880813
ff878793
00200713
00000693
0f000613
63c58593
0bc50513
80cf306f
af41a583
aec1a603
00c59c63
44400713
aee1a823
af01a503
00153513
00008067
af41a683
aed1a623
fedff06f
fb010113
04812423
05212023
03412c23
03512a23
03612823
03712623
03812423
03912223
04112623
04912223
03312e23
03a12023
01b12e23
00050a13
00000913
00000413
00410a93
03600b13
00014cb7
03500c13
00000693
00c00613
000a8593
000a0513
8adf80ef
00050493
fe0504e3
00a409b3
648c8d93
00000d13
033b7863
408b0d33
008d8533
000d0613
000a8593
fca40413
0d0060ef
008484b3
00a03533
00a96933
00048993
00000413
00048613
01aa85b3
008d8533
0ac060ef
00a96933
02091063
b201a783
00178793
b2f1a023
013c7463
00000993
00098413
f79ff06f
00100913
fedff06f
fd010113
02812423
01312e23
01412c23
01512a23
01612823
02112623
02912223
03212023
00000413
00410993
20000ab7
00500a13
00200493
06400513
ae1f30ef
00000713
00000693
00000613
00048593
00900513
0009a023
0009a223
00098423
944f80ef
00050913
00051a63
00014537
42c00593
68050513
461040ef
30047073
01caa783
b121ac23
00079463
30046073
00500693
00900613
00098593
00090513
f88f80ef
00050613
30047073
01caa783
b001ac23
00079463
30046073
00600793
04f49e63
00ca7663
ffb60793
05c0006f
01460863
fff60793
00f037b3
00f46433
000145b7
6ac58593
00098513
791050ef
00a46433
02041e63
b1c1a783
00178793
b0f1ae23
00090513
aacf80ef
00148493
00700793
f2f492e3
f1dff06f
01448e63
fa966ae3
409607b3
00200713
faf77ae3
00100413
fd1ff06f
00400793
f8c7e6e3
f95ff06f
02051663
00014537
ff010113
0dc00593
68050513
00112623
37d040ef
00c12083
8201a423
01010113
00008067
00008067
fc010113
02812c23
03212823
03412423
03512223
03612023
01712e23
02112e23
02912a23
03312623
00050913
00000413
03700a13
00c00a93
00014b37
03600b93
408a09b3
013af463
00c00993
00500693
00098613
00410593
00090513
e58f80ef
00050493
fe0504e3
430b0593
00050613
008585b3
00410513
691050ef
00153513
00940433
f4dff0ef
fa8bfce3
00000413
fb1ff06f
fe010113
00812c23
01312623
01412423
01512223
00112e23
00912a23
01212823
00050993
00000413
03600a13
00014ab7
408a0933
648a8593
00090613
008585b3
00000693
00098513
b00f80ef
00a93933
00050493
00194513
00940433
ee1ff0ef
03743513
ed9ff0ef
fd4414e3
00000413
fc1ff06f
fd010113
02812423
00050413
03c00513
02912223
02112623
03212023
01312e23
01412c23
01512a23
01612823
01712623
01812423
905f80ef
00050493
00051a63
00014537
0f700593
68050513
211040ef
00040513
9e8f80ef
fe250513
00153513
e69ff0ef
00040513
a34f80ef
00153513
e59ff0ef
00040513
825f80ef
fff50513
00153513
e45ff0ef
00040513
855f80ef
00153513
e35ff0ef
00000693
00100613
00048593
00040513
a2cf80ef
fff50513
00153513
e15ff0ef
00040513
980f80ef
fe350513
00153513
e01ff0ef
00040513
9ccf80ef
fff50513
00153513
dedff0ef
00040513
fb8f80ef
00153513
dddff0ef
00040513
fecf80ef
00153513
dcdff0ef
00000693
01d00613
00048593
00040513
9c4f80ef
fe350513
00153513
dadff0ef
00040513
918f80ef
00153513
d9dff0ef
00040513
968f80ef
fe250513
00153513
d89ff0ef
00040513
f54f80ef
00153513
d79ff0ef
00040513
f88f80ef
fff50513
00153513
d65ff0ef
00000693
00100613
00048593
00040513
95cf80ef
00153513
d49ff0ef
00000693
00100613
00048593
00040513
c18f80ef
fff50513
00153513
d29ff0ef
00040513
894f80ef
fff50513
00153513
d15ff0ef
00040513
8e0f80ef
fe350513
00153513
d01ff0ef
00040513
eccf80ef
00153513
cf1ff0ef
00040513
f00f80ef
00153513
ce1ff0ef
00000693
00100613
00048593
00040513
8d8f80ef
fff50513
00153513
cc1ff0ef
00040513
82cf80ef
00153513
cb1ff0ef
00040513
87cf80ef
fe250513
00153513
c9dff0ef
00040513
e68f80ef
00153513
c8dff0ef
00040513
e9cf80ef
fff50513
00153513
c79ff0ef
00000693
01d00613
00048593
00040513
b48f80ef
fe350513
00153513
c59ff0ef
00040513
fc5f70ef
fe350513
00153513
c45ff0ef
00040513
810f80ef
fff50513
00153513
c31ff0ef
00040513
dfcf80ef
00153513
c21ff0ef
00040513
e30f80ef
00153513
c11ff0ef
00000693
00100613
00048593
00040513
ae0f80ef
fff50513
00153513
bf1ff0ef
00040513
f5df70ef
fe250513
00153513
bddff0ef
00040513
fa9f70ef
00153513
bcdff0ef
00040513
d98f80ef
fff50513
00153513
bb9ff0ef
00040513
dc8f80ef
00153513
ba9ff0ef
fff00693
01f00613
00048593
00040513
fa1f70ef
fe250513
00153513
b89ff0ef
00040513
ef5f70ef
00153513
b79ff0ef
00040513
d44f80ef
00153513
b69ff0ef
00040513
d78f80ef
fff50513
00153513
b55ff0ef
fff00693
01f00613
00048593
00040513
a24f80ef
fe250513
00153513
b35ff0ef
00040513
ea1f70ef
fe250513
00153513
b21ff0ef
00040513
eedf70ef
00153513
b11ff0ef
00040513
cdcf80ef
fff50513
00153513
afdff0ef
00040513
d0cf80ef
00153513
aedff0ef
00040513
e59f70ef
01148b13
00050913
00050a93
03000a13
200009b7
03500b93
00040513
cdcf80ef
00153513
abdff0ef
00600613
000a0593
00048513
161050ef
30047073
01c9a783
00000693
00600613
00178793
00048593
00040513
00f9ae23
888f80ef
01c9a783
fff78793
00f9ae23
00079463
30046073
ffa50513
00153513
a69ff0ef
00040513
dd5f70ef
ffaa8a93
40aa8533
00153513
a51ff0ef
00040513
e1df70ef
415907b3
40a78533
00153513
001a0a13
a35ff0ef
f77a14e3
00040513
c40f80ef
fff50513
00153513
a1dff0ef
00000693
00100613
00048593
00040513
e15f70ef
00153513
a01ff0ef
00000513
bb1f20ef
00800593
00050a93
00000513
bc5f20ef
f21f20ef
00f00693
00100613
00050c13
00048593
00040513
dd9f70ef
00050b93
f01f20ef
000a8593
00050a13
00000513
b91f20ef
418a0a33
00fa3513
00154513
9a5ff0ef
012a3513
99dff0ef
001bb513
fe290913
991ff0ef
03000a13
01e00c13
03500b93
00600613
000a0593
00048513
029050ef
30047073
01c9a783
00000693
00600613
00178793
000b0593
00040513
00f9ae23
a48f80ef
01c9a783
fff78793
00f9ae23
00079463
30046073
ffa50513
00153513
931ff0ef
00600613
000b0593
00048513
059050ef
00153513
919ff0ef
00040513
c85f70ef
00690913
40a90533
00153513
901ff0ef
00040513
ccdf70ef
412c07b3
40a78533
00153513
001a0a13
8e5ff0ef
f77a10e3
00040513
aacf80ef
fff50513
00153513
8cdff0ef
00040513
c39f70ef
fe250513
00153513
8b9ff0ef
00800593
00000513
a89f20ef
de5f20ef
00f00693
00600613
000b0593
00050a13
00040513
f75f70ef
00050993
dc5f20ef
000a8593
00050913
00000513
a55f20ef
41490933
00f93513
00154513
869ff0ef
01293513
861ff0ef
0019b513
859ff0ef
03000913
09400993
00090593
01100613
00048513
6f4050ef
00000693
01100613
00048593
00040513
c39f70ef
fef50513
00153513
821ff0ef
00040513
b8df70ef
ff350513
00153513
80dff0ef
00040513
bd9f70ef
fef50513
00153513
ff8ff0ef
00040513
a08f80ef
00153513
fe8ff0ef
00040513
9b4f80ef
00153513
fd8ff0ef
00000693
01100613
000b0593
00040513
ea9f70ef
fef50513
00153513
fb8ff0ef
01100613
000b0593
00048513
6e0050ef
00153513
fa0ff0ef
00040513
b0df70ef
fe250513
00153513
f8cff0ef
00040513
b59f70ef
00153513
f7cff0ef
00040513
98cf80ef
00153513
f6cff0ef
00040513
938f80ef
fff50513
00153513
00190913
f54ff0ef
f13912e3
000149b7
00000693
01e00613
43098593
00040513
b45f70ef
00000693
01e00613
00048593
00040513
e09f70ef
01e00613
00048593
43098513
64c050ef
00153513
f0cff0ef
00000913
00014a37
01e00b13
648a0593
012585b3
07d00693
00100613
00040513
00190913
af1f70ef
ff6912e3
00040513
8f0f80ef
fff50513
00153513
eccff0ef
07d00693
03c00613
00048593
00040513
d9df70ef
fe250513
00153513
eacff0ef
00090613
00048593
648a0513
5d4050ef
00153513
e94ff0ef
07d00693
00090613
43098593
00040513
a8df70ef
fe250513
00153513
e74ff0ef
00040513
884f80ef
fff50513
00153513
e60ff0ef
00040513
82cf80ef
00153513
e50ff0ef
00040513
a1df70ef
fe250513
00153513
e3cff0ef
00040513
9a9f70ef
00153513
e2cff0ef
00000b13
07d00693
00100613
00048593
00040513
cf9f70ef
43098793
00fb07b3
0007c503
0004c783
001b0b13
40f50533
00153513
df4ff0ef
fd2b16e3
00040513
fbdf70ef
fff50513
00153513
ddcff0ef
00040513
fedf70ef
00153513
dccff0ef
00800593
00000513
f9cf20ef
00200693
03c00613
648a0593
00040513
9b9f70ef
000a8593
00050913
00000513
f78f20ef
fe290513
00153513
d90ff0ef
00040513
fa1f70ef
fff50513
00153513
d7cff0ef
00040513
f49f70ef
00153513
d6cff0ef
648a0593
00200693
03c00613
00040513
965f70ef
00153513
d50ff0ef
00200693
00048593
03c00613
00040513
c21f70ef
000b0613
648a0593
00048513
464050ef
00153513
d24ff0ef
00040513
f35f70ef
00153513
d14ff0ef
00040513
ee1f70ef
fff50513
00153513
d00ff0ef
43098593
00000693
00f00613
00040513
8f9f70ef
00048513
9c4f80ef
00040513
02812403
02c12083
02412483
02012903
01c12983
01812a03
01412a83
01012b03
00c12b83
00812c03
03010113
f80f706f
fa010113
00000513
04112e23
04812c23
04912a23
05212823
05312623
05412423
05512223
05612023
03712e23
e38f20ef
00050413
00253513
c74ff0ef
00241993
008986b3
20015737
00369693
46870713
00d70733
00541613
200156b7
40860633
42868693
00c686b3
00000813
00000793
00000613
00100593
01f00513
d64f70ef
00050493
00000513
ddcf20ef
00014937
0000e437
0c051c63
00048513
d48ff0ef
00000793
00100713
6b890593
98040513
00048693
0b400613
b2c18913
aa8f20ef
00000413
03700a93
00014b37
01390933
00100b93
408a8a33
430b0593
008585b3
07d00693
000a0613
00048513
fccf70ef
00050993
00aa3533
00154513
01340433
bacff0ef
03843513
ba4ff0ef
01541463
00000413
00092783
00000513
00178793
00f92023
d40f20ef
01751663
03200513
d55f20ef
200156b7
00000813
00000793
00810713
41c68693
00000613
00100593
00a00513
c8cf70ef
00050993
e20f70ef
00098513
db8f70ef
f6dff06f
00000793
00000713
f35ff06f
fd010113
00000713
00000693
00000613
00100593
01e00513
02112623
02812423
02912223
03212023
b6cf70ef
00a12c23
00000713
00000693
00000613
00100593
01e00513
b50f70ef
01812783
00a12e23
00079a63
00014537
3c300593
68050513
669030ef
01c12783
00079a63
00014537
3c400593
68050513
651030ef
01e00513
d25f70ef
00050413
00051a63
00014537
3c800593
68050513
631030ef
fd4f20ef
00050913
01812503
15e00693
01e00613
00040593
965f70ef
00050493
fb4f20ef
412507b3
15e7b793
0017c513
a68ff0ef
0014b513
a60ff0ef
00000513
c10f20ef
00014937
0000e4b7
06051663
00000793
00100713
01810693
0b400613
47490593
78448513
8e8f20ef
01e00613
00000593
00040513
0d4050ef
01812503
00040593
fff00693
01e00613
8f1f70ef
00050613
00a03533
00c12623
9fcff0ef
00c12603
01c12503
fff00693
00040593
df4f70ef
fb9ff06f
01812503
b14ff0ef
00000793
00000713
f91ff06f
fd010113
01612823
00050b13
00000513
02112623
02812423
02912223
03212023
01312e23
01412c23
01512a23
01712623
01812423
01912223
b4cf20ef
00050913
01e00513
bf9f70ef
00050493
01e00513
bedf70ef
00050413
00049a63
00014537
34c00593
68050513
4f9030ef
00041a63
00014537
34d00593
68050513
4e5030ef
00291913
b2418a93
02000a13
00000993
01b00c13
00100b93
07f00c93
012a8ab3
00198913
01891463
00100913
01e00613
00000593
00048513
7c9040ef
00000993
013487b3
01478023
001a0a13
0ffa7a13
019a1463
02000a13
00198993
ff3912e3
000b2503
03200693
00098613
00048593
ce8f70ef
fe0506e3
01e00613
00000593
00040513
77d040ef
004b2503
fff00693
00098613
00040593
f98f70ef
00040593
00048513
779040ef
00153513
8a0ff0ef
000aa783
00000713
00000693
00178793
00000613
00100593
01e00513
00faa023
8dcf70ef
ae8f70ef
00100593
00000713
00000693
00000613
00058513
8c0f70ef
00050913
00051a63
00014537
38700593
68050513
3dd030ef
00000693
00100613
00048593
00090513
c40f70ef
01750a63
00014537
38c00593
68050513
3b5030ef
00000693
00100613
00048593
00090513
c18f70ef
00050a63
00014537
39000593
68050513
38d030ef
01e00613
00000593
00040513
69d040ef
00000693
00100613
00040593
00090513
eb8f70ef
01750a63
00014537
39600593
68050513
355030ef
0004c703
00044783
00f70a63
00014537
39800593
68050513
339030ef
00000693
00100613
00040593
00090513
e74f70ef
00050a63
00014537
39c00593
68050513
311030ef
00000693
00200613
00048593
00090513
b74f70ef
01750a63
00014537
3a200593
68050513
2e9030ef
01e00613
00000593
00040513
5f9040ef
00000693
00200613
00040593
00090513
e14f70ef
01750a63
00014537
3a900593
68050513
2b1030ef
0004c703
00044783
00f70a63
00014537
3ab00593
68050513
295030ef
00090513
968f70ef
dc9ff06f
fe010113
00812c23
000145b7
0000e437
00000793
00100713
00000693
0b400613
6c458593
61c40513
00112e23
d7df10ef
000145b7
00000793
00000713
00000693
0b400613
6d458593
61c40513
d5df10ef
00000713
00000693
00000613
00100593
01e00513
eedf60ef
00050693
00a12623
000145b7
0000d537
00000793
00000713
07800613
6e458593
72450513
d1df10ef
00c12683
000145b7
0000e537
00000793
00000713
07800613
6f058593
a1450513
cf9f10ef
000145b7
0000e537
00000793
00800713
00000693
07800613
6fc58593
80c50513
cd5f10ef
0000e437
000145b7
00000793
00100713
00000693
0b400613
70458593
4a440513
cb1f10ef
4a440513
01812403
01c12083
000145b7
00000793
00000713
00000693
0b400613
71058593
02010113
c85f106f
b181a703
fe010113
00812c23
00112e23
00012623
04070463
b141a583
b181a503
000147b7
6ac78793
00b785b3
00c10693
00100613
b94f70ef
b141a783
00900713
00f76663
00178793
b0f1aa23
01c12083
01812403
02010113
00008067
b001aa23
fedff06f
b2418793
0007a603
b0c1a583
b2418693
b0c18713
06c58863
0006a603
00c72023
0046a603
00472583
06c58263
0046a683
00d72223
b201a583
b081a603
04c59c63
8201a423
b1c1a603
b041a583
06c59263
8201a423
b2c1a603
afc1a583
b2c18693
afc18713
02c58e63
00c72023
0046a683
00472603
02d60a63
00d72223
8281a503
00008067
8201a423
f99ff06f
8201a423
fa5ff06f
b201a683
b0d1a423
fa9ff06f
8201a423
fc9ff06f
8201a423
fd1ff06f
b1c1a683
b0d1a223
f9dff06f
fb010113
05212023
b441a783
04112623
04812423
04912223
03312e23
03412c23
03512a23
03612823
03712623
00079a63
00014537
07000593
71c50513
001030ef
00c10493
00012623
0004a223
0004a423
0004a623
0004a823
00000413
00100a13
05300a93
01300b13
000149b7
00014bb7
b441a503
fff00693
00100613
008485b3
b0cf70ef
00041a63
00c14403
fb840413
00143413
fddff06f
02040793
002787b3
fec7c783
05579463
74cb8593
00048513
2c9040ef
00050463
8201a623
82c1a783
0004a023
0004a223
0004a423
0004a623
0004a823
01479863
b401a783
00178793
b4f1a023
00000413
f89ff06f
00140413
f88b50e3
0af00593
71c98513
740030ef
f71ff06f
ff010113
00000713
00000693
00000613
00a00593
06400513
00112623
be9f60ef
00c12083
b4a1a223
000145b7
0000f537
00000793
00200713
00000693
07800613
75c58593
ca850513
01010113
a11f106f
b3c1a783
06400693
00178793
00f6c663
b2f1ae23
00008067
ff010113
00812423
b381a583
000147b7
76878793
00b785b3
b441a503
00000693
00400613
00112623
b201ae23
910f70ef
b381a783
00c12083
00478793
0187b713
40e00733
00e7f7b3
b2f1ac23
00812403
01010113
00008067
b401a683
b341a603
00d61863
8201a623
82c1a503
00008067
b2d1aa23
ff5ff06f
ff010113
00812423
b581a503
015a55b7
e3558593
00112623
065040ef
00150513
b4a1ac23
00c12083
00812403
00151513
01155513
01010113
00008067
b681a503
ff010113
00000713
00200693
00000613
00000593
00112623
df4f30ef
30047073
200007b7
01c7a683
b601a783
00178793
b6f1a023
00069463
30046073
00c12083
01010113
00008067
fd010113
02112623
02812423
02912223
03212023
01312e23
01412c23
01512a23
01612823
f55f10ef
00050493
06400713
00810693
00000613
fff00593
00000513
c00f30ef
00050413
f31f10ef
40950533
06300793
00a7e463
8201a823
00040a63
00014537
09700593
78450513
564030ef
00812783
00078a63
00014537
09800593
78450513
54c030ef
b681a503
00018637
00c10713
00400693
6a160613
00000593
d24f30ef
00100793
00f50a63
00014537
0a600593
78450513
518030ef
00c12783
00078a63
00014537
0aa00593
78450513
500030ef
ea5f10ef
00050913
06400713
00810693
00000613
fff00593
00000513
b50f30ef
00050493
e81f10ef
41250533
06300793
00a7f463
8201a823
00100793
00f48a63
00014537
0b800593
78450513
4b0030ef
00812703
000187b7
6a178793
00f70a63
00014537
0b900593
78450513
490030ef
b6c1a783
b681a503
00018637
00178793
b6f1a623
00400693
00000713
6a160613
00000593
c5cf30ef
00100793
00f50a63
00014537
0c800593
78450513
450030ef
b681a503
00001637
00000713
00400693
5b360613
00000593
c28f30ef
00050a63
00014537
0cc00593
78450513
420030ef
00000713
00810693
00000613
fff00593
00000513
a78f30ef
00100793
00f50a63
00014537
0d300593
78450513
3f0030ef
00812703
000187b7
6a178793
00f70a63
00014537
0d400593
78450513
3d0030ef
b681a503
00018637
00000713
00300693
6a160613
00000593
ba8f30ef
00100793
00f50a63
00014537
0e000593
78450513
39c030ef
b681a503
00001637
00000713
00300693
5b360613
00000593
b74f30ef
00100793
00f50a63
00014537
0e300593
78450513
368030ef
00000713
00810693
00000613
fff00593
00000513
9c0f30ef
00100793
00f50a63
00014537
0e600593
78450513
338030ef
00812703
000017b7
5b378793
00f70a63
00014537
0e800593
78450513
318030ef
b681a503
00018637
00000713
00000693
6a160613
00000593
af0f30ef
00100793
00f50a63
00014537
0f200593
78450513
2e4030ef
00000713
00810693
00000613
fff00593
00000513
93cf30ef
00100793
00f50a63
00014537
0f500593
78450513
2b4030ef
00812703
000017b7
5b378793
00f70a63
00014537
0f600593
78450513
294030ef
00500493
00100913
000149b7
b681a503
00000713
00200693
00000613
00000593
a64f30ef
01250863
10000593
78498513
260030ef
fff48493
fc049ae3
00000713
00810693
00000613
fff00593
00000513
8b0f30ef
00100793
00f50a63
00014537
10500593
78450513
228030ef
00812703
000017b7
5b878793
00f70a63
00014537
10600593
78450513
208030ef
00000713
00810693
00000613
00000593
00000513
860f30ef
00050a63
00014537
10c00593
78450513
1dc030ef
00000713
00810693
00000613
fff00593
00000513
00100913
830f30ef
00000993
00090a93
00014b37
fff00a13
b681a503
00000713
00100693
00090613
00000593
98cf30ef
00000713
00810693
00000613
00000593
00000513
ff1f20ef
01550863
12600593
784b0513
170030ef
00812783
00198993
00191913
fb479ae3
02000793
00f98a63
00014537
13100593
78450513
148030ef
06400713
00810693
00200613
00100593
00000513
fa1f20ef
00050a63
00014537
13d00593
78450513
11c030ef
b681a503
00000713
00000693
fff00613
00000593
8f8f30ef
00000713
00810693
00000613
00000593
00000513
f5df20ef
00100793
00f50a63
00014537
14800593
78450513
0d4030ef
00812703
ffe00793
00f70a63
00014537
14900593
78450513
0b8030ef
b681a503
00000713
00000693
00000613
00000593
894f30ef
00000713
00810693
00200613
00000593
00000513
ef9f20ef
00812703
ffe00793
00f70a63
00014537
15700593
78450513
06c030ef
00000713
00810693
00000613
00000593
00000513
ec5f20ef
00050a63
00014537
15d00593
78450513
040030ef
00812703
ffc00793
00f70a63
00014537
15e00593
78450513
024030ef
b681a503
00c10713
00100693
00000613
00000593
800f30ef
00812703
ffc00793
00f70a63
00014537
16600593
78450513
7f1020ef
00000713
00810693
fff00613
00000593
00000513
e49f20ef
b681a503
00c10713
00100693
00000613
00000593
fb5f20ef
00c12783
00078a63
00014537
16b00593
78450513
7a9020ef
00700993
00100913
00014a37
b681a503
00c10713
00100693
00090613
00000593
f79f20ef
00c12783
00978863
17500593
784a0513
771020ef
fff98993
0124e4b3
00191913
fc0994e3
fff00593
00000713
00810693
00000613
00000513
db9f20ef
00000593
00000513
d18f30ef
00050a63
00014537
17f00593
78450513
729020ef
b681a503
00018637
00c10713
00400693
6a160613
00000593
f01f20ef
00000593
00000513
cdcf30ef
00100793
00f50a63
00014537
18700593
78450513
6e9020ef
00000593
00000513
cb8f30ef
00050a63
00014537
18800593
78450513
6c9020ef
b681a503
00000713
00100693
fff00613
00000593
ea5f20ef
b681a503
ff000637
00000593
cfcf30ef
fff00793
00f50a63
00014537
19500593
78450513
689020ef
b681a503
0ff00613
00000593
cd4f30ef
010007b7
fff78793
00f50a63
00014537
19900593
78450513
65d020ef
b681a503
fff00613
00000593
ca8f30ef
010007b7
f0078793
00f50a63
00014537
19d00593
78450513
631020ef
b681a503
fff00613
00000593
c7cf30ef
00050a63
00014537
1a000593
78450513
60d020ef
b681a503
00000613
00000593
c58f30ef
00050a63
00014537
1a100593
78450513
5e9020ef
b681a503
fff00613
00000593
c34f30ef
00050a63
00014537
1a200593
78450513
5c5020ef
00000593
00000513
b94f30ef
00100793
00f50a63
00014537
1a600593
78450513
5a1020ef
00000593
00000513
b70f30ef
00050a63
00014537
1a700593
78450513
581020ef
00010737
00014537
a2870713
00000693
00000613
03200593
7a850513
bd8f50ef
00050493
00051a63
00014537
1ae00593
78450513
549020ef
b6c1a783
00000713
00000693
00178793
00000613
fff00593
00000513
b6f1a623
b95f20ef
00800593
00000513
b60f10ef
00012423
eb8f10ef
00050613
fff00713
00000693
00100593
00048513
d04f50ef
fff00713
00810693
00000613
00000593
00000513
b51f20ef
00050a63
00014537
1c300593
78450513
4cd020ef
00812783
00078a63
00014537
1c400593
78450513
4b5020ef
b6c1a783
00178793
b6f1a623
e4cf10ef
00050613
fff00713
00000693
00100593
00048513
c98f50ef
fff00713
00810693
00000613
00000593
00000513
ae5f20ef
00100793
00f50a63
00014537
1d200593
78450513
45d020ef
00812783
00079a63
00014537
1d400593
78450513
445020ef
00000593
00000513
a80f10ef
fff00713
00000693
00000613
00500593
00048513
c2cf50ef
b6c1a783
00000713
00000693
00178793
00000613
fff00593
00000513
b6f1a623
a6df20ef
0000f737
00014537
ec870713
00000693
00000613
05a00593
7b850513
a54f50ef
b4a1ae23
00a00a93
d78ff0ef
05a00593
661030ef
00050613
01557463
00a00613
b5c1a503
fff00713
00000693
00400593
bb4f50ef
d4cff0ef
05a00593
635030ef
00050993
01557463
00a00993
00098613
00000593
00000513
8c5f20ef
00050863
b641a783
00178793
b6f1a223
00000613
00000593
00000513
8a5f20ef
00050863
b641a783
00178793
b6f1a223
00100593
00098613
00000513
885f20ef
b641a783
03200593
00a787b3
b6c1a503
b6f1a223
5c1030ef
04051463
b681a503
00800593
960f10ef
00100593
fff00613
00000513
84df20ef
b641a783
00000593
00a787b3
b681a503
b6f1a223
938f10ef
b6c1a783
00178793
b6f1a623
f11ff06f
fff00613
00100593
00000513
815f20ef
b641a783
00a787b3
b6f1a223
fd5ff06f
ff010113
00912223
b541a783
00812423
00112623
b681a503
04079263
cb1f10ef
b681a503
fe9f00ef
00300793
1f200593
04f51e63
b681a503
a60f10ef
b541a783
00c12083
00812403
00178793
b4f1aa23
00412483
01010113
00008067
c71f10ef
b541a603
b681a503
00000713
00300693
00000593
a3df20ef
b681a503
f91f00ef
00300793
faf508e3
1ff00593
00014537
78450513
229020ef
f9dff06f
000145b7
0000f537
ff010113
b6818793
00000713
00000693
07800613
7c458593
f1450513
00112623
d1df00ef
00c12083
0000f7b7
e8c78793
b4f1ac23
01010113
00008067
fe010113
00912a23
b681a783
00112e23
00812c23
01212823
00079a63
00014537
27b00593
78450513
1b5020ef
b5c1a783
00078c63
b501a783
03100693
00178793
02f6c063
b4f1a823
01c12083
01812403
01412483
01012903
02010113
00008067
b4c1a683
b401a823
00100793
02f68e63
00200793
04f68a63
02069063
b681a503
00000613
00000593
dadf20ef
b4c1a783
00178793
b4f1a623
b601a783
00178793
b6f1a023
fa5ff06f
b681a503
00000793
00000713
00200693
00000613
00000593
b39f20ef
fc9ff06f
b681a503
00000793
0ff00913
00c10713
00000613
00000593
01212623
b15f20ef
00c12783
01279a63
00014537
29b00593
78450513
0e1020ef
b401a623
f95ff06f
b6c1a603
b481a583
02c59663
8201a823
b601a783
b641a683
00f6fa63
40d787b3
00500693
00f6f463
8201a823
8301a503
00008067
b6c1a683
b4d1a423
fd5ff06f
ff010113
00812423
b941a503
015a55b7
e3558593
00112623
2a1030ef
00150513
b8a1aa23
00c12083
00812403
00151513
01155513
01010113
00008067
ff010113
00812423
ba01a503
b8c1a583
00000713
00200693
00000613
00112623
82df20ef
b8c1a783
00200713
00178793
00f77463
00000793
00c12083
b8f1a623
00812403
01010113
00008067
fb010113
04812423
04912223
05212023
04112623
03312e23
03412c23
03512a23
03612823
03712623
03812423
03912223
00300413
00100913
00000993
00000a13
01498e63
ba01a503
00000713
00000693
00000613
000a0593
fa8f20ef
001a0a13
fe8a10e3
950f10ef
00050a93
06400713
01810693
00000613
fff00593
00098513
dfcf20ef
00050a13
92cf10ef
41550533
06300793
00a7ea63
00014537
0e100593
7d050513
768020ef
000a0a63
00014537
0e200593
7d050513
754020ef
01812783
00078a63
00014537
0e300593
7d050513
73c020ef
00000a13
03498263
ba01a503
000a0593
d05f20ef
01250a63
00014537
0f100593
7d050513
714020ef
001a0a13
fc8a1ce3
00198993
f2899ae3
00018a37
00000993
6a1a0a13
ba01a503
00018637
01c10713
00400693
6a160613
00098593
ed0f20ef
01250a63
00014537
10200593
7d050513
6c8020ef
01c12783
00078a63
00014537
10600593
7d050513
6b0020ef
854f10ef
00050b13
06400713
01810693
00000613
fff00593
00098513
d00f20ef
00050a93
830f10ef
41650533
06300793
00a7fa63
00014537
11000593
7d050513
66c020ef
012a8a63
00014537
11400593
7d050513
658020ef
01812783
01478a63
00014537
11500593
7d050513
640020ef
00198993
f48992e3
00018ab7
00000993
6a1a8a93
00000a13
03498a63
ba01a503
00018637
00000713
00300693
6a160613
000a0593
dfcf20ef
01250a63
00014537
12500593
7d050513
5f4020ef
001a0a13
fc8a14e3
ba01a503
00018637
00000713
00400693
6a160613
00098593
dc4f20ef
01250a63
00014537
13000593
7d050513
5bc020ef
ba01a503
00001637
00000713
00400693
5b360613
00098593
d94f20ef
00050a63
00014537
13400593
7d050513
58c020ef
00000713
01810693
00000613
fff00593
00098513
be4f20ef
01250a63
00014537
13b00593
7d050513
560020ef
01812783
01578a63
00014537
13c00593
7d050513
548020ef
00000a13
05498663
ba01a503
000a0593
b11f20ef
01250a63
00014537
14700593
7d050513
520020ef
ba01a503
fff00613
000a0593
b6df20ef
00a12c23
01550a63
00014537
14e00593
7d050513
4f8020ef
001a0a13
fa8a18e3
00198993
ec8990e3
00018ab7
00001b37
00000993
6a1a8a93
5b3b0b13
00000a13
03498063
ba01a503
00018637
00000713
00300693
6a160613
000a0593
ca4f20ef
001a0a13
fc8a1ee3
ba01a503
00018637
00000713
00040693
6a160613
00098593
c80f20ef
01250a63
00014537
16400593
7d050513
478020ef
ba01a503
00001637
00000713
00300693
5b360613
00098593
c50f20ef
01250a63
00014537
16700593
7d050513
448020ef
00000713
01810693
fff00613
00000593
00098513
aa0f20ef
01250a63
00014537
16a00593
7d050513
41c020ef
01812783
01678a63
00014537
16c00593
7d050513
404020ef
00000a13
05498663
ba01a503
000a0593
9cdf20ef
01250a63
00014537
17400593
7d050513
3dc020ef
ba01a503
fff00613
000a0593
a29f20ef
00a12c23
01550a63
00014537
17700593
7d050513
3b4020ef
001a0a13
fa8a18e3
00198993
ec899ae3
00001b37
00000993
5b3b0b13
00014a37
ba01a503
00001637
00000713
00300693
5b360613
00098593
b6cf20ef
01250863
18600593
7d0a0513
368020ef
ba01a503
00018637
00000713
00000693
6a160613
00098593
b40f20ef
01250863
18d00593
7d0a0513
33c020ef
00000a93
00000713
01810693
00000613
00000593
000a8513
990f20ef
01812783
01678863
19700593
7d0a0513
30c020ef
001a8a93
fd59f8e3
00198993
00098a93
388a90e3
f68992e3
00001ab7
00000993
00014b37
5b3a8a93
00500a13
ba01a503
00000713
00200693
00000613
00098593
abcf20ef
01250863
1b400593
7d0b0513
2b8020ef
fffa0a13
fc0a1ae3
00001bb7
5b8b8b93
00000713
01810693
00000613
00000593
000a0513
900f20ef
01812783
01778863
1bf00593
7d0b0513
27c020ef
001a0a13
fd49f8e3
00000713
01810693
00000613
00000593
00098513
8ccf20ef
00050a63
00014537
1c500593
7d050513
248020ef
00198993
00098a13
2e8a18e3
f4899ce3
fff00613
00000593
00000513
885f20ef
fff00613
00100593
00000513
875f20ef
fff00613
00200593
00000513
865f20ef
00000993
00014a37
fff00b13
02000b93
00000a93
00100c13
ba01a503
00000713
00100693
000c0613
00098593
9ccf20ef
00000713
01810693
00000613
00000593
00098513
830f20ef
01250863
1f300593
7d0a0513
1b0020ef
01812783
001a8a93
001c1c13
fb679ae3
017a8863
1fe00593
7d0a0513
190020ef
00000a93
00000713
01810693
00000613
00000593
000a8513
fe5f10ef
01812783
01678863
20800593
7d0a0513
160020ef
001a8a93
fd59f8e3
00198993
00098a93
228a96e3
f4899ae3
00000993
fff00b13
00014ab7
06400713
01810693
00200613
00100593
00098513
f95f10ef
00050a63
00014537
22400593
7d050513
110020ef
ba01a503
00000713
00000693
fff00613
00098593
8ecf20ef
00000a13
ffe00b93
00000713
01810693
00000613
00000593
000a0513
f49f10ef
1f4990e3
01250a63
00014537
23a00593
7d050513
0c0020ef
01812783
01778863
24200593
7d0a8513
0ac020ef
001a0a13
fb49fce3
00198993
00098a13
1a8a1ae3
f4899ee3
00000993
ffe00b13
00014ab7
ffc00b93
ba01a503
00000713
00000693
00000613
00098593
860f20ef
00000713
01810693
00200613
00000593
00098513
ec5f10ef
01812783
01678863
25e00593
7d0a8513
040020ef
00000713
01810693
00000613
00000593
00098513
e99f10ef
00050a63
00014537
26400593
7d050513
014020ef
01812783
01778863
26500593
7d0a8513
000020ef
00000a13
03498663
00000713
01810693
00000613
00000593
000a0513
e51f10ef
00050863
26e00593
7d0a8513
7d1010ef
001a0a13
fc8a18e3
00198993
f48990e3
00000993
ffc00c13
00014bb7
ba01a503
01c10713
00100693
00000613
00098593
f91f10ef
01812783
01878863
27a00593
7d0b8513
789010ef
00000713
01810693
fff00613
00000593
00098513
de1f10ef
ba01a503
01c10713
00100693
00000613
00098593
f4df10ef
01c12783
00078a63
00014537
27f00593
7d050513
741010ef
00000b13
00700a13
00100a93
ba01a503
01c10713
00100693
000a8613
00098593
f11f10ef
01c12783
01678863
28900593
7d0b8513
709010ef
fffa0a13
015b6b33
001a9a93
fc0a14e3
00198993
f48990e3
00000993
00098513
00000713
01810693
00000613
fff00593
00198993
d41f10ef
fe8992e3
00000993
00014b37
00000a93
000a8593
00000513
c90f20ef
00050863
29c00593
7d0b0513
6a5010ef
001a8a93
fe8a90e3
ba01a503
00018637
01c10713
00400693
6a160613
00098593
e75f10ef
00000a93
03599263
00098593
00000513
c48f20ef
01250a63
00014537
2ac00593
7d050513
659010ef
000a8593
00000513
c28f20ef
00050863
2af00593
7d0b0513
63d010ef
001a8a93
fa8a9ee3
00198993
f68996e3
fff00b93
01000b37
00000993
00014ab7
017b0b33
ba01a503
fff00613
00098593
00000713
00100693
df5f10ef
ba01a503
ff000637
00098593
c4cf20ef
01750863
2bf00593
7d0a8513
5e1010ef
ba01a503
0ff00613
00098593
c2cf20ef
01650863
2c400593
7d0a8513
5c1010ef
ba01a503
fff00613
00098593
c0cf20ef
010007b7
f0078793
00f50863
2c800593
7d0a8513
599010ef
ba01a503
fff00613
00098593
be4f20ef
00050a63
00014537
2cb00593
7d050513
575010ef
ba01a503
00000613
00098593
bc0f20ef
00050a63
00014537
2cc00593
7d050513
551010ef
ba01a503
fff00613
00098593
b9cf20ef
00050a63
00014537
2cd00593
7d050513
52d010ef
00098593
00000513
afcf20ef
01250863
2d100593
7d0a8513
511010ef
00098593
00000513
ae0f20ef
00050a63
00014537
2d200593
7d050513
4f1010ef
00198993
ec899ae3
ba81a783
00000993
00178793
baf1a423
00098513
00000713
00000693
00000613
fff00593
00198993
b2df10ef
fe8992e3
00800593
00000513
af4f00ef
00000993
00014b37
00000b93
00000713
00000693
00000613
00000593
000b8513
af9f10ef
00050863
33900593
7d0b0513
479010ef
001b8b93
fc8b9ae3
b981ab83
00012e23
e0cf00ef
00050613
fff00713
00000693
00100593
000b8513
c58f40ef
fff00713
01c10693
00000613
00000593
00098513
aa5f10ef
00050a63
00014537
34700593
7d050513
421010ef
01c12783
00078a63
00014537
34800593
7d050513
409010ef
00000b93
00000713
01c10693
00000613
00000593
000b8513
a5df10ef
00050863
35000593
7d0b0513
3dd010ef
001b8b93
fc8b9ae3
b981ab83
d74f00ef
00050613
fff00713
00000693
00100593
000b8513
bc0f40ef
fff00713
01c10693
00000613
00000593
00098513
a0df10ef
01250863
35e00593
7d0b0513
38d010ef
01c12783
00079a63
00014537
36000593
7d050513
375010ef
00000b93
00000713
01c10693
00000613
00000593
000b8513
9c9f10ef
00050863
36900593
7d0b0513
349010ef
01c12783
4979e463
36d00593
49279463
001b8b93
fc8b92e3
00198993
e88994e3
00000593
00000513
964f00ef
ba81a783
00000993
00178793
baf1a423
00098513
00000713
00000693
00000613
fff00593
00198993
961f10ef
fe8992e3
00000993
ba01a503
00098593
00198993
00000713
00300693
00098613
00b12623
abdf10ef
00c12583
ba01a503
898f20ef
fc899ae3
00000993
ba01a503
00000713
00300693
00000613
00098593
a91f10ef
ba01a503
00098593
86cf20ef
b9c1ab03
c30f00ef
00050613
fff00713
00000693
00100593
000b0513
a7cf40ef
09600613
00000593
00098513
fa4f10ef
00a12e23
01250a63
00014537
3ab00593
7d050513
249010ef
00000513
00150b13
04a98263
00000713
01c10693
00000613
00000593
899f10ef
00050a63
00014537
3b600593
7d050513
215010ef
01c12783
01678a63
00014537
3b700593
7d050513
1fd010ef
000b0513
fa8b1ae3
ba01a503
00198b13
00000713
00040693
000b0613
00098593
9cdf10ef
ba01a503
00098593
fa9f10ef
ba81a783
00178793
baf1a423
308b1c63
00000993
ba01a503
00098593
fff00613
00198993
800f20ef
fe8996e3
00000a93
09500c93
b9c1a983
b38f00ef
00050613
fff00713
00000693
00100593
00098513
984f40ef
b1cf00ef
000a8c13
ffec0793
00f037b3
001a8a93
40f007b3
00050993
09600713
01c10693
00000613
00000593
00faf533
fb4f10ef
00050a63
00014537
3f400593
7d050513
131010ef
ad4f00ef
41350533
00acea63
00014537
3f700593
7d050513
115010ef
00000993
00000713
01c10693
00000613
00000593
00098513
f68f10ef
25899c63
01250a63
00014537
40600593
7d050513
0e1010ef
01c12783
01278a63
00014537
40700593
7d050513
0c9010ef
ba01a503
fff00613
00098593
f15f10ef
00198993
fa8992e3
ba81a783
00178793
baf1a423
f08a96e3
00000993
ba01a503
00098593
00000713
00300693
00000613
879f10ef
ba01a503
00098593
00198993
e51f10ef
fc899ce3
20000ab7
00014c37
30047073
01caa783
00178793
00faae23
b901a783
00078a63
00014537
43400593
7d050513
041010ef
01caa783
b921a823
fff78793
00faae23
00079463
30046073
fff00613
00100593
000a0513
d5cf10ef
b901a783
00a12e23
00078a63
00014537
43f00593
7d050513
7fc010ef
01c12783
01278863
44300593
7d0c0513
7e8010ef
00098c93
00000713
01c10693
00000613
00000593
000a0513
e3cf10ef
00050863
44d00593
7d0c0513
7bc010ef
01c12783
00078863
44e00593
7d0c0513
7a8010ef
fffc8c93
fc0c90e3
ba81a783
001a0a13
00178793
baf1a423
f28a14e3
ba41a783
00178793
baf1a223
fa9fe06f
00000613
000a8593
00000513
dc9f10ef
00a12c23
00050863
1a300593
7d0a0513
758010ef
001a8a93
c58ff06f
00000613
000a0593
00000513
d9df10ef
00a12c23
01550863
1d200593
7d0b0513
72c010ef
001a0a13
ce8ff06f
00000613
000a8593
00000513
d71f10ef
00a12c23
00050863
21400593
7d0a0513
700010ef
001a8a93
dacff06f
e2050c63
23f00593
7d0a8513
e28ff06f
00000613
000a0593
00000513
d35f10ef
00a12c23
01650863
24d00593
7d0a8513
6c4010ef
001a0a13
e24ff06f
b80782e3
37100593
7d0b0513
6ac010ef
b75ff06f
000b0993
bf1ff06f
00050a63
00014537
41000593
7d050513
68c010ef
01c12783
dc0788e3
00014537
41100593
7d050513
674010ef
dbdff06f
ff010113
00912223
b881a783
00812423
00112623
01212023
0017f793
ba01a503
04079463
859f00ef
ba01a503
b91ef0ef
00300793
2f200593
06f51c63
ba01a503
e09ef0ef
b881a783
00c12083
00812403
00178793
b8f1a423
00012903
00412483
01010113
00008067
815f00ef
b841a583
ba01a503
00000713
00300693
00100613
de0f10ef
b841a783
00200713
00178793
00f77463
00000793
ba01a503
b8f1a223
b1def0ef
00300793
f8f50ae3
30700593
00014537
7d050513
5b4010ef
f81ff06f
00011737
00014537
ff010113
e7870713
00000693
00000613
03200593
7a850513
00112623
00812423
00912223
bf9f30ef
b8a1ac23
00010737
00014537
c8c70713
00000693
00000613
06400593
7b850513
bd5f30ef
b981a783
b8a1ae23
00079a63
00014537
09c00593
7d050513
540010ef
b9c1a783
00079a63
00014537
09d00593
7d050513
528010ef
000145b7
00010537
ba018793
00000713
00000693
07800613
7f858593
cd850513
829ef0ef
00c12083
00812403
000107b7
c5078793
b8f1aa23
00412483
01010113
00008067
fe010113
00912a23
ba01a783
00112e23
00812c23
01212823
00079a63
00014537
46100593
7d050513
4b8010ef
b901a783
00100693
04d79863
b801a683
b801a823
b7c1a583
04f68c63
00200793
06f68663
00069e63
ba01a503
00000613
8ddf10ef
b801a783
00178793
b8f1a023
b7c1a783
00178793
0037b713
40e00733
00e7f7b3
b6f1ae23
01c12083
01812403
01412483
01012903
02010113
00008067
ba01a503
00000793
00000713
00200693
00000613
e4cf10ef
fadff06f
ba01a503
0ff00793
00f12623
00c10713
00000793
00000613
e2cf10ef
00c12783
00078a63
00014537
47d00593
7d050513
3f8010ef
b801a023
f7dff06f
ba81a603
b781a583
02c59263
8201aa23
b741a783
00200613
00178793
00f66e63
b6f1aa23
8341a503
00008067
ba81a683
b6d1ac23
fddff06f
b601aa23
ba41a603
b701a583
00c59663
8201aa23
fd9ff06f
ba41a683
b6d1a823
fcdff06f
bc81c783
00178793
bcf18423
00008067
bc01c783
00178793
bcf18023
00008067
ff010113
00812423
00912223
01212023
00112623
00050913
e0df30ef
bb81a783
00050413
00a78a63
00015537
4ac00593
80850513
33c010ef
00140593
00090513
e31f30ef
bb81a783
00c12083
00178793
baf1ac23
bd01c783
00812403
00412483
00178793
0ff7f793
bcf18823
00012903
01010113
00008067
fb010113
03812423
bbc1a783
00011737
00015537
00179593
17470713
00000693
00000613
00f585b3
82c50513
03312e23
04112623
04812423
04912223
05212023
03412c23
03512a23
03612823
03712623
03912223
03a12023
01b12e23
915f30ef
bca1aa23
02051063
8201ae23
83c1a783
00079a63
00015537
0b200593
80850513
278010ef
bd41a503
00100593
bd9f30ef
bd41a503
c8df30ef
00100793
00f50a63
00015537
0bc00593
80850513
24c010ef
bd41a503
00000593
badf30ef
bd41a503
c61f30ef
00050a63
00015537
0c200593
80850513
224010ef
20015b37
4d0b0413
4d0b0b13
00015937
00042503
c71f30ef
00051e63
8201ae23
83c1a783
00079863
17d00593
80890513
1f0010ef
200157b7
00440413
52078793
fcf418e3
050b2503
c3df30ef
02050063
8201ae23
83c1a783
00079a63
00015537
18400593
80850513
1b8010ef
000154b7
00100a13
00000513
fccef0ef
00a12623
00800593
00000513
fe0ef0ef
bbc1a703
20015937
4b890a93
00271793
00e787b3
00279c93
000c8513
fbdef0ef
00100d13
4b890d93
01500b93
bbc1a583
000d0513
384020ef
00050593
000c8513
3a4020ef
0ff57513
000ac683
fff50713
0ff77713
00e6e463
00d57e63
8201ae23
83c1a703
00071863
1ab00593
80848513
124010ef
001d0d13
001a8a93
fb7d18e3
00c12583
00000513
f54ef0ef
83c1a783
01479863
bdc1a783
00178793
bcf1ae23
200157b7
4d078a93
000aa503
b4df30ef
00051e63
8201ae23
83c1a783
00079863
1c900593
80848513
0cc010ef
000aa503
00000713
00000693
00000613
00300593
8c1f30ef
000aa503
b11f30ef
00050e63
8201ae23
83c1a783
00079863
1d500593
80848513
090010ef
200157b7
004a8a93
52078793
f8fa9ae3
30047073
20000ab7
01caa783
00178793
00faae23
014dc783
00078e63
8201ae23
83c1a783
00079863
1e200593
80848513
04c010ef
01500613
00000593
4b890513
35c020ef
01caa783
fff78793
00faae23
00079463
30046073
bbc1a783
00000913
01400a93
00279513
00f50533
00251513
e51ef0ef
012d87b3
0007c783
00078e63
8201ae23
83c1a783
00079863
1f300593
80848513
7e9000ef
00190913
fd591ce3
83c1a783
01479863
bdc1a783
00178793
bcf1ae23
bd41a503
a29f30ef
00050e63
8201ae23
83c1a783
00079863
20900593
80848513
7a9000ef
bd01c783
00078e63
8201ae23
83c1a783
00079863
20f00593
80848513
789000ef
bd41a903
929ef0ef
00050613
00000713
00000693
00100593
00090513
f74f30ef
bd41a503
9c5f30ef
00051e63
8201ae23
83c1a783
00079863
21800593
80848513
745000ef
bbc1a783
00379513
00f50533
d79ef0ef
bd41a503
991f30ef
00050e63
8201ae23
83c1a783
00079863
22300593
80848513
711000ef
bd01c783
53478863
8201ae23
83c1a783
00079863
22900593
80848513
6f1000ef
83c1a783
01479863
bdc1a783
00178793
bcf1ae23
bd41a903
87def0ef
00050613
00000713
00000693
00100593
00090513
ec8f30ef
bd41a503
919f30ef
00051e63
8201ae23
83c1a783
00079863
24600593
80848513
699000ef
04cb2903
839ef0ef
00050613
00000713
00000693
00100593
00090513
e84f30ef
04cb2503
8d5f30ef
00051e63
8201ae23
83c1a783
00079863
25000593
80848513
655000ef
00a00c93
bbc1a783
00179513
00f50533
00155513
c81ef0ef
bd41a503
899f30ef
00051e63
8201ae23
83c1a783
00079863
25f00593
80848513
619000ef
bd01c783
00078e63
8201ae23
83c1a783
00079863
26500593
80848513
5f9000ef
20015937
4d090793
04c7a503
4d090913
849f30ef
00051e63
8201ae23
83c1a783
00079863
26b00593
80848513
5c9000ef
013dc783
00078e63
8201ae23
83c1a783
00079863
27100593
80848513
5a9000ef
bd41a783
00f12623
f44ef0ef
00050613
00c12503
00000713
00000693
00200593
d90f30ef
04c92783
00f12623
f20ef0ef
00050613
00c12503
00000713
00000693
00200593
d6cf30ef
83c1a783
01479863
bdc1a783
00178793
bcf1ae23
fffc8c93
0ffcfc93
ee0c9ae3
bbc1a783
00279513
00f50533
00251513
b71ef0ef
bd01c783
01478e63
8201ae23
83c1a783
00079863
28800593
80848513
50d000ef
013dc783
00079e63
8201ae23
83c1a783
00079863
28e00593
80848513
4ed000ef
04c92503
f48f30ef
00051e63
8201ae23
83c1a783
00079863
29600593
80848513
4c9000ef
bd41a503
f24f30ef
01451e63
8201ae23
83c1a783
00079863
29c00593
80848513
4a5000ef
04c92503
00000713
00000693
00000613
00300593
c98f30ef
04c92503
ee8f30ef
00050e63
8201ae23
83c1a783
00079863
2a500593
80848513
469000ef
200157b7
4b878713
bc018823
000709a3
83c1a703
4b878c93
01471863
bdc1a783
00178793
bcf1ae23
be01c783
1d479463
00092503
e94f30ef
00050e63
8201ae23
83c1a783
00079863
2c100593
80848513
415000ef
00092503
00100713
bce18c23
00000693
00000713
00100613
00400593
c00f30ef
00092503
e50f30ef
00051e63
8201ae23
83c1a783
00079863
2d300593
80848513
3d1000ef
00200513
b51ef0ef
00092503
e24f30ef
00050e63
8201ae23
83c1a783
00079863
2e000593
80848513
3a5000ef
bbc1a603
00092503
00000713
00000693
00400593
b98f30ef
00092503
00000713
00000693
00000613
00300593
b80f30ef
bd41a503
000c8023
dccf30ef
00050e63
8201ae23
83c1a783
00079863
2f200593
80848513
34d000ef
bd41a503
00000713
00000693
00100613
00400593
b40f30ef
00000513
950ef0ef
00800593
00050c93
00000513
964ef0ef
bd41a903
cbcef0ef
00050613
00000713
00000693
00200593
00090513
b08f30ef
00100513
a7def0ef
00000513
000c8593
930ef0ef
bd41a503
d44f30ef
00050e63
8201ae23
83c1a783
00079863
31100593
80848513
2c5000ef
bbc1a783
bd41a503
00000713
00179613
00f60633
00000693
00400593
ab0f30ef
bd41a503
00000713
00000693
00000613
00300593
a98f30ef
bc018823
83c1a783
01479863
bdc1a783
00178793
bcf1ae23
200157b7
4d078913
00092503
cc8f30ef
00050e63
8201ae23
83c1a783
00079863
33100593
80848513
249000ef
00092a83
be8ef0ef
00050613
00000713
00000693
00100593
000a8513
a34f30ef
00092503
c84f30ef
00051e63
8201ae23
83c1a783
00079863
33d00593
80848513
205000ef
200157b7
00490913
52078793
f8f916e3
83c1a783
854790e3
bdc1a783
00178793
bcf1ae23
831ff06f
bc018823
ae9ff06f
ff010113
00812423
00112623
00912223
00050413
c70f30ef
01500793
04a7ee63
200157b7
4b878793
00a787b3
0007c703
00170713
00e78023
02051663
bd81c703
00100793
02f71063
00000713
00000693
00000613
00300593
00040513
980f30ef
bc018c23
00c12083
00812403
00412483
01010113
00008067
8201ae23
83c1a783
fe0792e3
00812403
00c12083
00412483
00015537
49c00593
80850513
01010113
1310006f
fc010113
02812c23
00050413
20015537
01500613
00000593
4b850513
02112e23
02912a23
03212823
03312623
03412423
03512223
03612023
20015ab7
01712e23
01812c23
409010ef
4d0a8513
05400613
00000593
3f9010ef
4d0a8493
ba81ae23
4d0a8a93
00000413
00012b37
00100b93
000159b7
bbc1a583
00812623
00140413
00040513
2cd010ef
00c12683
00050593
b14b0713
00100613
83c98513
f09f20ef
00a4a023
12051663
8201ae23
83c1a783
12c00593
16078863
01400793
00448493
faf41ae3
bbc1a783
00040693
b14b0713
00279593
00f585b3
00100613
00259593
83c98513
ec1f20ef
04aaa823
00050493
14051263
8201ae23
83c1a783
14a00593
16078463
00010937
00011737
00015537
15470713
00000693
00100613
fff90593
84850513
e81f20ef
bca1a623
00011737
00015537
16470713
00000693
00000613
fff90593
85050513
e5df20ef
bca1a223
bcc1a783
00078463
02051063
8201ae23
83c1a783
00079a63
00015537
16800593
80850513
7b8000ef
83c1a783
0e078e63
03812403
03c12083
03412483
03012903
02c12983
02812a03
02412a83
02012b03
01c12b83
01812c03
000155b7
00011537
00000793
00500713
00000693
07800613
85858593
1ec50513
04010113
a85ee06f
988f30ef
83c98593
291010ef
00050a63
00015537
13000593
80850513
740000ef
0004ac03
8e0ef0ef
00050613
fff00713
00000693
00100593
000c0513
f2df20ef
eb7504e3
8201ae23
83c1a783
e8079ee3
13900593
00015537
80850513
700000ef
e89ff06f
8a0ef0ef
00050613
fff00713
00000693
00100593
00048513
eedf20ef
00100793
eaf518e3
8201ae23
83c1a783
ea0792e3
15300593
00015537
80850513
6bc000ef
e91ff06f
03c12083
03812403
03412483
03012903
02c12983
02812a03
02412a83
02012b03
01c12b83
01812c03
04010113
00008067
fe010113
00812c23
00112e23
00912a23
01212823
01312623
01412423
00050413
00051a63
00015537
0ec00593
80850513
654000ef
bb41a703
00870663
ba01a823
ba81aa23
bdc1a783
bac1a703
06f71063
bbc1a783
00040593
00279513
00f50533
00251513
071010ef
bb01a783
00150513
00178793
baf1a823
00f57463
8201ae23
bdc1a783
01c12083
01812403
baf1a623
83c1a503
01412483
01012903
00c12983
00812a03
02010113
00008067
ba01a823
fd1ff06f
fe010113
00812c23
8381a783
01312623
00112e23
00178793
00912a23
01212823
82f1ac23
bbc1a603
0a079063
bcc1a503
bc018423
bc018023
00000713
fff00793
00000693
00900593
82f1ac23
e55f20ef
00100793
00050493
02f51263
bbc1a603
bc41a503
00000713
00000693
00900593
e31f20ef
02951263
8201ac23
01c12083
01812403
01412483
01012903
00c12983
02010113
00008067
bcc1a503
00000713
00000693
00000613
00800593
01812403
01c12083
01412483
01012903
00c12983
02010113
dddf206f
ffa60693
04d79463
bc81c783
bc01c703
00e7e7b3
fa0780e3
8201ae23
83c1a783
39900593
f80798e3
01812403
01c12083
01412483
01012903
00c12983
00015537
80850513
02010113
4c00006f
00660713
02e79663
bc81c783
00100713
00e79663
bc01c703
f4f708e3
8201ae23
83c1a783
3a300593
f40790e3
fb1ff06f
00161713
ffa70713
02e79663
bc81c783
00100713
00e79663
bc01c703
f0f70ee3
8201ae23
83c1a783
3ae00593
f00796e3
f7dff06f
00c70593
04b79663
bc81c703
00200793
02f70063
8201ae23
83c1a783
00079a63
00015537
3b900593
80850513
42c000ef
bc01c703
00100793
ecf706e3
8201ae23
83c1a783
3bf00593
ea079ee3
f2dff06f
00670713
00265593
00b70733
04e79663
bc81c703
00200793
02f70063
8201ae23
83c1a783
00079a63
00015537
3ca00593
80850513
3d4000ef
bc01c703
00100793
e6f70ae3
8201ae23
83c1a783
3d000593
e60792e3
ed5ff06f
00161713
00c705b3
02b79263
bc41a403
d51ee0ef
00050613
00000713
00000693
00600593
00040513
e65ff06f
00658593
06b79663
bc81c703
00300793
02f70063
8201ae23
83c1a783
00079a63
00015537
3e000593
80850513
358000ef
bc01c703
00100793
02f70063
8201ae23
83c1a783
00079a63
00015537
3e600593
80850513
330000ef
bcc1a503
00000713
00000693
00000613
00800593
df5ff06f
00269693
04d79663
bc81c703
00300793
02f70063
8201ae23
83c1a783
00079a63
00015537
3f500593
80850513
2e8000ef
bc01c703
00100793
d8f704e3
8201ae23
83c1a783
3fb00593
d6079ce3
de9ff06f
00261693
00668593
04b79663
bc81c703
00300793
02f70063
8201ae23
83c1a783
00079a63
00015537
40600593
80850513
294000ef
bc01c703
00200793
d2f70ae3
8201ae23
83c1a783
40c00593
d20792e3
d95ff06f
00361593
06b79263
bc81c703
00300793
02f70063
8201ae23
83c1a783
00079a63
00015537
41700593
80850513
244000ef
bc01c703
00200793
00f70a63
8201ae23
83c1a783
41d00593
06078863
bc41a403
bd1ee0ef
00050613
00000713
00000693
00700593
e81ff06f
00c585b3
ffa58593
04b79c63
bc81c703
00300793
02f70063
8201ae23
83c1a783
00079a63
00015537
42b00593
80850513
1d8000ef
bc01c703
00200793
faf704e3
8201ae23
83c1a783
43100593
f8079ce3
00015537
80850513
1b0000ef
f89ff06f
00c686b3
00169693
ff468693
04d79663
bc81c703
00300793
02f70063
8201ae23
83c1a783
00079a63
00015537
43e00593
80850513
174000ef
bc01c703
00200793
f4f702e3
8201ae23
83c1a783
44400593
f2079ae3
f9dff06f
00c70733
00271713
40c706b3
fee68693
04d79663
bc81c703
00300793
02f70063
8201ae23
83c1a783
00079a63
00015537
45100593
80850513
118000ef
bc01c703
00200793
eef704e3
8201ae23
83c1a783
ec079ee3
45700593
f41ff06f
ff470713
04e79663
bc81c703
00300793
02f70063
8201ae23
83c1a783
00079a63
00015537
46600593
80850513
0c8000ef
bc01c703
00300793
b6f704e3
8201ae23
83c1a783
b4079ee3
46c00593
bc9ff06f
00461713
40c70733
b4e794e3
bc81c703
00300793
02f70063
8201ae23
83c1a783
00079a63
00015537
47700593
80850513
074000ef
bc01c703
00300793
02f70063
8201ae23
83c1a783
00079a63
00015537
47d00593
80850513
04c000ef
fff00793
82f1ac23
aedff06f
00015537
ff010113
86050513
00112623
450010ef
30047073
0000006f
00015537
ff010113
87450513
00112623
3ec010ef
30047073
0000006f
4c40006f
00050613
00015537
fe010113
89050513
00112e23
00012623
3c4010ef
30047073
20000737
01c72783
00178793
00f72e23
00c12783
02078263
01c72783
fff78793
00f72e23
00079463
30046073
01c12083
02010113
00008067
00000013
00000013
fd1ff06f
200167b7
b2878793
00f52023
200167b7
94878793
00f5a023
07800793
00f62023
00008067
200167b7
8e478793
00f52023
200157b7
52478793
00f5a023
0f000793
00f62023
00008067
00015537
fb010113
8ac50513
04112623
04812423
04912223
03412c23
03512a23
03712623
05212023
03312e23
03612823
03812423
344010ef
8c5ee0ef
00015a37
00a12e23
00000a93
00000b93
00100493
90ca0a13
000015b7
38858593
01c10513
c61ee0ef
df8fc0ef
04950863
000157b7
8c478793
84f1a023
e95f60ef
04950663
000157b7
95878793
84f1a023
8401a583
be81ab83
be41aa83
00b12623
861ee0ef
00c12583
00050613
00015537
fc050513
280010ef
fa1ff06f
f4cf80ef
fa950ee3
8541a023
fb5ff06f
c44f50ef
00950863
000157b7
9a078793
fb1ff06f
fa9f40ef
00950863
000157b7
9e078793
f9dff06f
d08fa0ef
00950863
000157b7
a2c78793
f89ff06f
981f80ef
00950863
000157b7
a7478793
f75ff06f
db1f80ef
00950863
000157b7
ab878793
f61ff06f
984fa0ef
00950863
000157b7
b0078793
f4dff06f
b35f90ef
00950863
000157b7
b4c78793
f39ff06f
b90f60ef
00950863
000157b7
b9078793
f25ff06f
8f1f40ef
00950863
000157b7
bd878793
f11ff06f
a14f50ef
00100793
00050913
00f50863
000157b7
c2478793
ef5ff06f
fa8f50ef
00050993
01250863
000157b7
c7478793
eddff06f
e28f70ef
00050913
01350863
000157b7
cc078793
ec5ff06f
e95f80ef
00050993
01250863
000157b7
d0c78793
eadff06f
d51f90ef
00050913
01350863
000157b7
d5478793
e95ff06f
f71fa0ef
00050993
01250863
000157b7
d9c78793
e7dff06f
c70fd0ef
00050913
01350863
000157b7
de878793
e65ff06f
941fe0ef
00050993
01250863
000157b7
e3478793
e4dff06f
00001537
38850513
e88ff0ef
00050913
01350863
000157b7
e8878793
e2dff06f
e7cfc0ef
01250863
000157b7
ed078793
e19ff06f
ac4f70ef
00100693
be81a703
be41a783
00d50863
000157b7
f2078793
df9ff06f
00eb9863
000157b7
f7078793
de9ff06f
defa94e3
000157b7
f9878793
dd9ff06f
876547b7
32178793
02f51063
ff010113
00112623
2a9000ef
00c12083
00000513
01010113
878ee06f
00000513
ff9ff06f
123457b7
67878793
02f51063
ff010113
00112623
778000ef
00c12083
00000513
01010113
848ee06f
00000513
ff9ff06f
ff010113
00000513
00112623
ac5f60ef
ee9f90ef
cd5f40ef
00100513
934fa0ef
00200513
ea8f80ef
ab1f80ef
8b9f90ef
fe5f50ef
0b400513
b20f80ef
980fc0ef
eacf40ef
f55f40ef
ce4f50ef
07800513
b7cf70ef
00000513
ca5f80ef
ae1f90ef
dc5fa0ef
9bcfd0ef
e2cfe0ef
03200513
aa4ff0ef
c94fc0ef
820f70ef
123456b7
000155b7
00013537
00000793
00000713
67868693
05a00613
fcc58593
87450513
ec5ed0ef
876546b7
000155b7
00013537
00000793
00000713
32168693
05a00613
fd458593
84450513
e9ded0ef
00300513
904f50ef
000155b7
00012537
00000793
00000713
00000693
0b400613
fdc58593
59050513
e71ed0ef
c24ee0ef
0000006f
ff010113
00112623
8ddf90ef
ff1f50ef
9d4fc0ef
c55f80ef
aa5f90ef
948fd0ef
e40fe0ef
d4cff0ef
c30fc0ef
00c12083
01010113
844f706f
300022f3
ff72f293
18800313
00431313
0062e2b3
ffc50513
00552023
ffc50513
00052023
fa850513
00c52023
fe850513
8b41a283
00552023
00000293
00028a63
ffc50513
00052023
fff28293
ff1ff06f
ffc50513
00b52023
00008067
8801a103
00012103
00012083
01012383
01412403
01812483
01c12503
02012583
02412603
02812683
02c12703
03012783
03412803
03812883
03c12903
04012983
04412a03
04812a83
04c12b03
05012b83
05412c03
05812c83
05c12d03
06012d83
06412e03
06812e83
06c12f03
07012f83
07412283
1ffed317
56c32303
00532023
07812283
00828293
30029073
00812283
00c12303
07c10113
00008067
342022f3
34102373
300023f3
0000006f
342022f3
34102373
300023f3
0000006f
f8410113
00112223
00512423
00612623
00712823
00812a23
00912c23
00a12e23
02b12023
02c12223
02d12423
02e12623
02f12823
03012a23
03112c23
03212e23
05312023
05412223
05512423
05612623
05712823
05812a23
05912c23
05a12e23
07b12023
07c12223
07d12423
07e12623
07f12823
1ffed297
4b42a283
06512a23
300022f3
06512c23
8801a283
0022a023
34202573
341025f3
00458593
00b12023
00002117
68012103
00b00293
0a551463
a49ee0ef
8801a303
00032103
00012283
34129073
07812283
30029073
07412283
1ffed317
45432303
00532023
00412083
00812283
00c12303
01012383
01412403
01812483
01c12503
02012583
02412603
02812683
02c12703
03012783
03412803
03812883
03c12903
04012983
04412a03
04812a83
04c12b03
05012b83
05412c03
05812c83
05c12d03
06012d83
06412e03
06812e83
06c12f03
07012f83
07c10113
30200073
e8dff0ef
8801a303
00032103
00012283
34129073
07812283
30029073
07412283
1ffed317
3b032303
00532023
00412083
00812283
00c12303
01012383
01412403
01812483
01c12503
02012583
02412603
02812683
02c12703
03012783
03412803
03812883
03c12903
04012983
04412a03
04812a83
04c12b03
05012b83
05412c03
05812c83
05c12d03
06012d83
06412e03
06812e83
06c12f03
07012f83
07c10113
30200073
f8410113
00112223
00512423
00612623
00712823
00812a23
00912c23
00a12e23
02b12023
02c12223
02d12423
02e12623
02f12823
03012a23
03112c23
03212e23
05312023
05412223
05512423
05612623
05712823
05812a23
05912c23
05a12e23
07b12023
07c12223
07d12423
07e12623
07f12823
1ffed297
2bc2a283
06512a23
300022f3
06512c23
8801a283
0022a023
34202573
341025f3
00b12023
00002117
48c12103
d55ff0ef
8801a303
00032103
00012283
34129073
07812283
30029073
07412283
1ffed317
26832303
00532023
00412083
00812283
00c12303
01012383
01412403
01812483
01c12503
02012583
02412603
02812683
02c12703
03012783
03412803
03812883
03c12903
04012983
04412a03
04812a83
04c12b03
05012b83
05412c03
05812c83
05c12d03
06012d83
06412e03
06812e83
06c12f03
07012f83
07c10113
30200073
f8410113
00112223
00512423
00612623
00712823
00812a23
00912c23
00a12e23
02b12023
02c12223
02d12423
02e12623
02f12823
03012a23
03112c23
03212e23
05312023
05412223
05512423
05612623
05712823
05812a23
05912c23
05a12e23
07b12023
07c12223
07d12423
07e12623
07f12823
1ffed297
1742a283
06512a23
300022f3
06512c23
8801a283
0022a023
34202573
341025f3
00b12023
00002117
34412103
8b81a503
8081a583
fff00713
0005a603
0045a683
00e52023
00d52223
00c52023
00002297
3182a283
00c28733
00c73333
006683b3
00e5a023
0075a223
f91ed0ef
00050463
ed0ee0ef
8801a303
00032103
00012283
34129073
07812283
30029073
07412283
1ffed317
0dc32303
00532023
00412083
00812283
00c12303
01012383
01412403
01812483
01c12503
02012583
02412603
02812683
02c12703
03012783
03412803
03812883
03c12903
04012983
04412a03
04812a83
04c12b03
05012b83
05412c03
05812c83
05c12d03
06012d83
06412e03
06812e83
06c12f03
07012f83
07c10113
30200073
00000000
00000000
00000000
00000000
00000000
00000000
00000000
00000000
00000000
00000000
00000000
00000000
00000000
00000000
00000000
00000000
00500293
00600313
00700393
00800413
00900493
00a00513
00b00593
00c00613
00d00693
00e00713
01000813
01100893
01200913
01300993
01400a13
01500a93
01600b13
01700b93
01800c13
01900c93
01a00d13
01b00d93
01c00e13
01d00e93
01e00f13
01f00f93
00500793
0e579663
00600793
0e679263
00700793
0c779e63
00800793
0c879a63
00900793
0c979663
00a00793
0ca79263
00b00793
0ab79e63
00c00793
0ac79a63
00d00793
0ad79663
00e00793
0ae79263
01000793
09079e63
01100793
09179a63
01200793
09279663
01300793
09379263
01400793
07479e63
01500793
07579a63
01600793
07679663
01700793
07779263
01800793
05879e63
01900793
05979a63
01a00793
05a79663
01b00793
05b79263
01c00793
03c79e63
01d00793
03d79a63
01e00793
03e79663
01f00793
03f79263
00000797
0c87a783
0007a703
00170713
00e7a023
00e00713
00000073
f15ff0ef
000000ef
00000013
00000013
00000013
00000013
00000013
00000013
00000013
00000013
00000013
00000013
00000013
00000013
00000013
00000013
00000013
00000013
00000013
00000013
00000013
00000013
00000013
00000013
00000013
00000013
00000013
00000013
00000013
00000013
00000013
00000013
00000013
00000013
00000013
00000013
00000013
00000013
00000013
00000013
00000013
00000013
00000013
20000400
00000000
00000013
00000013
00000013
00000013
00000013
00000013
00000013
00000013
00000013
00000013
00000013
00000013
00000013
00000013
00000013
00000013
00000013
00000013
00000013
00000013
00000013
00000013
00000013
00000013
00000013
00000013
00000013
00000013
00000013
00000013
00000013
00000013
00000013
00000013
00000013
00000013
00000013
00000013
00000013
00000013
00000013
00000013
00000013
00000013
00000013
00000013
00000013
00000013
00000013
00000013
00000013
00000013
00000013
00000013
00000013
00000013
00000013
00000013
00000013
00000013
00000013
00000013
06100313
07100393
08100413
09100493
0a100513
0b100593
0c100613
0d100693
0e100713
0f100793
02000813
02100893
02200913
02300993
02400a13
02500a93
02600b13
02700b93
02800c13
02900c93
02a00d13
02b00d93
02c00e13
02d00e93
02e00f13
02f00f93
06100293
0e629463
07100293
0e729063
08100293
0c829c63
09100293
0c929863
0a100293
0ca29463
0b100293
0cb29063
0c100293
0ac29c63
0d100293
0ad29863
0e100293
0ae29463
0f100293
0af29063
02000293
09029c63
02100293
09129863
02200293
09229463
02300293
09329063
02400293
07429c63
02500293
07529863
02600293
07629463
02700293
07729063
02800293
05829c63
02900293
05929863
02a00293
05a29463
02b00293
05b29063
02c00293
03c29c63
02d00293
03d29863
02e00293
03e29463
02f00293
03f29063
00000297
0c82a283
0002a303
00130313
0062a023
06100313
f19ff0ef
000000ef
00000013
00000013
00000013
00000013
00000013
00000013
00000013
00000013
00000013
00000013
00000013
00000013
00000013
00000013
00000013
00000013
00000013
00000013
00000013
00000013
00000013
00000013
00000013
00000013
00000013
00000013
00000013
00000013
00000013
00000013
00000013
00000013
00000013
00000013
00000013
00000013
00000013
00000013
00000013
00000013
00000013
00000013
200003fc
00000000
00000013
00000013
00000013
00000013
00000013
00000013
00000013
00000013
00000013
00000013
00000013
00000013
00000013
00000013
00000013
00000013
00000013
00000013
00000013
00000000
00000000
00000000
00000000
00000000
00000000
00000000
00000000
00000000
00000000
00000000
d74ff06f
f68ff06f
f64ff06f
f60ff06f
f5cff06f
f58ff06f
f54ff06f
899ff06f
f4cff06f
f48ff06f
f44ff06f
f40ff06f
f3cff06f
f38ff06f
f34ff06f
f30ff06f
00000013
00000013
00000013
00000013
00000013
00000013
00000013
00000013
00000013
00000013
00000013
00000013
00000013
00000013
00000013
00000013
000107b7
02f57a63
10053793
0017b793
00379793
02000713
40f70733
00f55533
00002797
a5878793
00a787b3
0007c503
40a70533
00008067
01000737
01800793
fce57ae3
01000793
fcdff06f
fc010113
00000313
01b12623
00c0006f
fc010113
ff000313
01a12823
01912a23
01812c23
01712e23
00c0006f
fc010113
fe000313
03612023
03512223
03412423
03312623
03212823
02912a23
02812c23
02112e23
40610133
00028067
ff010113
01212023
00912223
00812423
00112623
00028067
00c12d83
01010113
00012d03
00412c83
00812c03
00c12b83
01010113
00012b03
00412a83
00812a03
00c12983
01010113
00012903
00412483
00812403
00c12083
01010113
00008067
00050613
00000513
0015f693
00068463
00c50533
0015d593
00161613
fe0596e3
00008067
06054063
0605c663
00058613
00050593
fff00513
02060c63
00100693
00b67a63
00c05863
00161613
00169693
feb66ae3
00000513
00c5e663
40c585b3
00d56533
0016d693
00165613
fe0696e3
00008067
00008293
fb5ff0ef
00058513
00028067
40a00533
00b04863
40b005b3
f9dff06f
40b005b3
00008293
f91ff0ef
40a00533
00028067
00008293
0005ca63
00054c63
f79ff0ef
00058513
00028067
40b005b3
fe0558e3
40a00533
f61ff0ef
40b00533
00028067
00050313
00060e63
00058383
00730023
fff60613
00130313
00158593
fe0616e3
00008067
00050313
00060a63
00b30023
fff60613
00130313
fe061ae3
00008067
00054603
0005c683
00150513
00158593
00d61463
fe0616e3
40d60533
00008067
00050793
0007c703
00178793
fe071ce3
40a78533
fff50513
00008067
e4dff2ef
00014437
0f840413
000144b7
0f848793
00f41463
e7dff06f
00042783
00440413
000780e7
fe9ff06f
00000713
00e61663
00000513
00008067
00e507b3
00170713
00e586b3
0007c783
fff6c683
fed780e3
40d78533
00008067
00050213
00008067
fc010113
02f12a23
000157b7
02b12223
00050593
2087a503
02c12423
02410613
00112e23
02d12623
02e12823
03012c23
03112e23
00c12623
168000ef
01c12083
04010113
00008067
da1ff2ef
000157b7
2087a403
00444783
0027f793
04078263
00842903
00050493
0004c503
00148493
00040593
00051c63
00a00513
000900e7
00054a63
00000513
01c0006f
000900e7
fc055ce3
00444783
0047e793
00f40223
fff00513
d8dff06f
fa010113
02812c23
02912a23
00050413
00058493
04c12423
00000593
02400613
00c10513
02112e23
04f12a23
04d12623
04e12823
05012c23
05112e23
e61ff0ef
00200793
00f10823
000147b7
0d878793
04810613
00048593
00c10513
00f12a23
02812023
00c12423
090000ef
00054663
00a40433
00040023
03c12083
03812403
03412483
06010113
00008067
c69ff2ef
03700a13
40ca0a33
00050913
0ffa7a13
01f67413
00058993
00900b93
00040593
00090513
d61ff0ef
00050a93
0ff57493
00040593
00090513
d05ff0ef
00090b13
00050913
015bf663
009a04b3
0ff4f493
00198993
03048493
fe998fa3
fc8b70e3
00098513
c6dff06f
bedff2ef
00454783
00852b03
fe010113
0027f793
2e078063
00050a93
00060493
00000913
0005c503
2c050863
02500793
00158c13
00f51a63
0015c983
02500793
00258c13
00f99e63
00190913
000a8593
000b00e7
28054a63
000c0593
fc9ff06f
00000d93
00000a13
00000413
01f00693
06c00713
07400613
06800593
06a00513
00900813
02a00893
02e00313
07f00e13
01000e93
00015f37
0486e863
fe098793
04fee663
00279793
178f0f93
01f787b3
0007a783
00078067
00146413
000c4983
001c0c13
fc099ae3
0bc0006f
00246413
00446413
fe9ff06f
00846413
fe1ff06f
01046413
fd9ff06f
088e6263
fd098f93
03f86c63
04047793
00078c63
002d9793
01b787b3
00179793
01f78db3
fb1ff06f
002a1793
014787b3
00179793
01f78a33
02046413
f99ff06f
03199863
04047f93
0004a783
00448493
0e0f9663
0007c863
02046413
00078a13
f75ff06f
40f00a33
02846413
f69ff06f
00699a63
04047793
18079c63
04046413
f55ff06f
08e98463
07376a63
08b98a63
0aa98263
04c00793
08f98e63
000dda63
fbf47413
01041413
01045413
00000d93
0209e613
f9b60713
00200793
00e7f663
06100793
08f61063
00748493
ff84f493
000159b7
00848493
00700b93
00498993
00847413
0e040e63
00000413
0e8b9e63
017905b3
417a0a33
3cc0006f
ecc98ce3
07a00793
ecf988e3
f95ff06f
08047793
00078463
20046413
08046413
eb9ff06f
10047793
00078463
20046413
10046413
ea5ff06f
28046413
e9dff06f
00078d93
e95ff06f
f9d98793
01200713
24f76a63
00015737
00279793
1bc70713
00e787b3
0007a783
00078067
0004a783
00100b93
00448493
00f10a23
01410993
f65ff06f
0004a983
00448d13
00099663
000159b7
ffc98993
04047793
00079463
fff00d93
000d8593
00098513
3c4000ef
00050b93
000d0493
f2dff06f
000a8593
02000513
000b00e7
02054e63
fff40413
fe8be6e3
01490933
40890933
00040a13
f0dff06f
000a0413
fe9ff06f
008987b3
0007c503
000a8593
00140413
000b00e7
ee0558e3
004ac783
0047e793
00fa8223
fff00913
00090513
02010113
961ff06f
08047793
06078e63
20047793
00448b93
00078863
00748493
ff84f493
00848b93
0004a503
fef47793
01079c93
010cdc93
08055063
40a00533
400cec93
01410d13
00a00613
000d0593
c49ff0ef
040cf713
41a50d33
1a070863
ffecf413
01041413
01045413
1dbd5263
1c099463
feecf793
01079413
01045413
000d8493
0580006f
10047793
0004a503
00448b93
f8078ce3
20047793
00078863
01851513
41855513
f85ff06f
01051513
41055513
f79ff06f
f80516e3
04047713
f80702e3
f80d90e3
fee47413
01041413
01045413
00000d13
00000493
40647793
00f037b3
00f484b3
0680006f
fef47413
01041413
01045413
00a00613
08047793
0c078663
20047793
00448b93
00078863
00748493
ff84f493
00848b93
0004a503
0c051c63
fe947793
01079c93
04047713
010cdc93
0c070863
0c0d9663
fe847413
01041413
01045413
00000d13
00000493
00847793
10079c63
00147793
00078c63
000d0d93
0144d863
409a04b3
01a48db3
000a0493
00048793
0e40006f
01046413
01000613
07800993
f75ff06f
07800793
00f61863
41360633
01066613
f61ff06f
000a8593
02500513
000b00e7
e40540e3
00290913
000a8593
00098513
b99ff06f
00800613
00000993
f35ff06f
10047793
0004a503
00448b93
f40784e3
20047793
00078663
0ff57513
f39ff06f
01051513
01055513
f2dff06f
ff947413
01041c93
010cdc93
01410d13
e45ff06f
000d0493
000c8413
01047793
ec0782e3
00048793
013034b3
00f484b3
00148493
f25ff06f
000d0493
fe1ff06f
000d8493
fd9ff06f
000a8593
02000513
00f12623
000b00e7
d8054ee3
00c12783
00178793
ff47c2e3
409904b3
00f48933
00078493
01047793
06078263
000a8593
03000513
000b00e7
d60546e3
02099c63
00190913
01b90db3
412d87b3
06fd4863
000d0413
01410993
06041e63
409a0a33
012d05b3
000b8493
00058913
00ba0a33
0940006f
00290913
000a8593
00098513
000b00e7
fc0550e3
d1dff06f
40647793
fa078ae3
01e41513
41f55513
00b57513
40047413
02050513
00040463
02d00513
00190913
000a8593
fc9ff06f
000a8593
03000513
00190913
000b00e7
f6055ee3
cd5ff06f
fff40413
008987b3
0007c503
000a8593
000b00e7
f60558e3
cb9ff06f
000a8593
02000513
00190913
000b00e7
ca0542e3
412a07b3
fef044e3
a09ff06f
00b505b3
00050793
00b78663
0007c703
00071663
40a78533
00008067
00178793
fe9ff06f
0145a783
0185a703
00e78863
00178713
00e5aa23
00a78023
00008067
00000000
6f532f2e
65637275
7361742f
632e736b
00000000
454c4449
00000000
6f532f2e
65637275
6575712f
632e6575
00000000
51726d54
00000000
6f532f2e
65637275
6d69742f
2e737265
00000063
20726d54
00637653
6f532f2e
65637275
6576652f
675f746e
70756f72
00632e73
6f532f2e
65637275
7274732f
5f6d6165
66667562
632e7265
00000000
6f532f2e
65637275
726f702f
6c626174
654d2f65
6e614d6d
65682f67
345f7061
0000632e
43746241
006c7274
65442f2e
432f6f6d
6f6d6d6f
694d2f6e
616d696e
62412f6c
4474726f
79616c65
0000632e
42746241
00006b6c
636f6c42
69545f6b
515f656d
65756575
00000000
73655442
00003174
73655442
00003274
65442f2e
432f6f6d
6f6d6d6f
694d2f6e
616d696e
6f632f6c
73746e75
632e6d65
00000000
6e756f43
676e6974
6d65535f
0000315f
6e756f43
676e6974
6d65535f
0000325f
31544e43
00000000
32544e43
00000000
43495553
00314449
43495553
00324449
41455243
00524f54
65442f2e
432f6f6d
6f6d6d6f
694d2f6e
616d696e
79642f6c
696d616e
00632e63
70737553
65646e65
65545f64
515f7473
65756575
00000000
5f544e43
00434e49
5f4d494c
00434e49
54435f43
00004c52
50535553
0058545f
50535553
0058525f
65442f2e
432f6f6d
6f6d6d6f
694d2f6e
616d696e
76452f6c
47746e65
70756f72
6d654473
00632e6f
74696157
0000004f
42746553
00000000
76646e52
00000000
65442f2e
432f6f6d
6f6d6d6f
694d2f6e
616d696e
65472f6c
6554516e
632e7473
00000000
5f6e6547
75657551
65545f65
00007473
516e6547
00000000
5f6e6547
75657551
754d5f65
00786574
6f4c754d
00000077
654d754d
00000064
6948754d
00006867
6948754d
00326867
65442f2e
432f6f6d
6f6d6d6f
694d2f6e
616d696e
6e492f6c
6d655374
74736554
0000632e
4d746e49
00005375
4d746e49
00004d75
43746e49
0000746e
65442f2e
432f6f6d
6f6d6d6f
694d2f6e
616d696e
654d2f6c
67617373
66754265
41726566
632e504d
00000000
00756c25
43504d41
4165726f
00000000
43504d41
4265726f
00000031
65442f2e
432f6f6d
6f6d6d6f
694d2f6e
616d696e
654d2f6c
67617373
66754265
44726566
2e6f6d65
00000063
34333231
00000035
00006425
20656e4f
206f7774
65726874
6f662065
66207275
20657669
20786973
65766573
6965206e
20746867
656e696e
6e657420
656c6520
006e6576
5267734d
69656365
00726576
6f686345
65696c43
0000746e
68634531
7265536f
00726576
68634532
7265536f
00726576
426e6f4e
78526b6c
00000000
426e6f4e
78546b6c
00000000
6e655331
00726564
6e655332
00726564
6173626d
7974696e
00000031
6173626d
7974696e
00000032
6c6c6f50
7365545f
75515f74
00657565
6e6f4351
00424e73
6f725051
00424e64
65655051
65545f6b
515f7473
65756575
00000000
6b656550
0000004c
6b656550
0000004d
6b656550
00003148
6b656550
00003248
65442f2e
432f6f6d
6f6d6d6f
694d2f6e
616d696e
75512f6c
4f657565
77726576
65746972
0000632e
65764f51
00000072
65442f2e
432f6f6d
6f6d6d6f
694d2f6e
616d696e
75512f6c
53657565
632e7465
00000000
54746553
00000078
52746553
00000078
50746553
006c6c6f
65442f2e
432f6f6d
6f6d6d6f
694d2f6e
616d696e
65722f6c
74756d63
632e7865
00000000
75636552
76697372
754d5f65
00786574
31636552
00000000
32636552
00000000
33636552
00000000
536c6f50
00314d45
536c6f50
00324d45
536b6c42
00314d45
536b6c42
00324d45
65442f2e
432f6f6d
6f6d6d6f
694d2f6e
616d696e
74532f6c
63697461
6f6c6c41
69746163
632e6e6f
00000000
74617453
00006369
00003154
74617453
61657243
00006574
33323130
37363534
61313938
65646362
69686766
6d6c6b6a
71706f6e
75747372
79787776
4342417a
47464544
4b4a4948
4f4e4d4c
00005150
65442f2e
432f6f6d
6f6d6d6f
694d2f6e
616d696e
74532f6c
6d616572
66667542
65447265
632e6f6d
00000000
33323130
37363534
00003938
52727453
69656365
00726576
72745331
6f686345
76726553
00007265
72745332
6f686345
76726553
00007265
4e727453
6c426e6f
0078526b
4e727453
6c426e6f
0078546b
54727453
00676972
31727453
646e6553
00007265
32727453
646e6553
00007265
65442f2e
432f6f6d
6f6d6d6f
694d2f6e
616d696e
74532f6c
6d616572
66667542
6e497265
72726574
2e747075
00000063
6c6c6548
7246206f
54526565
0000534f
49727453
7852746e
00000000
5f5f5f5f
6c65485f
46206f6c
52656572
5f534f54
5f5f5f5f
00000000
65442f2e
432f6f6d
6f6d6d6f
694d2f6e
616d696e
61542f6c
6f4e6b73
79666974
0000632e
676e6953
6f4e656c
79666974
00000000
69746f4e
72656966
00000000
69746f4e
64656966
00000000
65442f2e
432f6f6d
6f6d6d6f
694d2f6e
616d696e
61542f6c
6f4e6b73
79666974
61727241
00632e79
61727241
746f4e79
65696669
00000064
65442f2e
432f6f6d
6f6d6d6f
694d2f6e
616d696e
69542f6c
4472656d
2e6f6d65
00000063
73656e4f
20746f68
656d6954
00000072
54205246
72656d69
00000000
20525349
00005241
20525349
0000534f
20726d54
00747354
0a0d0a0d
6c6c614d
6620636f
656c6961
00000d64
0a0d0a0d
63617453
766f206b
6c667265
6920776f
7325206e
00000a0d
45535341
20215452
656e694c
2c642520
6c696620
73252065
00000a0d
65657246
534f5452
6d654420
7453206f
0d747261
00000000
65657246
534f5452
6d654420
5245206f
3a524f52
72417820
72745365
426d6165
65666675
73615472
7453736b
526c6c69
696e6e75
2928676e
74657220
656e7275
61662064
0065736c
65657246
534f5452
6d654420
5245206f
3a524f52
72417820
73654d65
65676173
66667542
61547265
53736b73
6c6c6974
6e6e7552
28676e69
65722029
6e727574
66206465
65736c61
00000000
65657246
534f5452
6d654420
5245206f
3a524f52
72417820
6e654765
63697265
75657551
73615465
7453736b
526c6c69
696e6e75
2928676e
74657220
656e7275
61662064
0065736c
65657246
534f5452
6d654420
5245206f
3a524f52
73497820
61657243
61546574
74536b73
526c6c69
696e6e75
2928676e
74657220
656e7275
61662064
0065736c
65657246
534f5452
6d654420
5245206f
3a524f52
72417820
6f6c4265
69546b63
6554656d
61547473
53736b73
6c6c6974
6e6e7552
28676e69
65722029
6e727574
66206465
65736c61
00000000
65657246
534f5452
6d654420
5245206f
3a524f52
72417820
6d655365
6f687061
61546572
53736b73
6c6c6974
6e6e7552
28676e69
65722029
6e727574
66206465
65736c61
00000000
65657246
534f5452
6d654420
5245206f
3a524f52
72417820
6c6f5065
676e696c
75657551
74537365
526c6c69
696e6e75
2928676e
74657220
656e7275
61662064
0065736c
65657246
534f5452
6d654420
5245206f
3a524f52
72417820
65755165
65506575
61546b65
53736b73
6c6c6974
6e6e7552
28676e69
65722029
6e727574
66206465
65736c61
00000000
65657246
534f5452
6d654420
5245206f
3a524f52
72417820
63655265
69737275
754d6576
54786574
736b7361
6c697453
6e75526c
676e696e
72202928
72757465
2064656e
736c6166
00000065
65657246
534f5452
6d654420
5245206f
3a524f52
72417820
65755165
65536575
73615474
7453736b
526c6c69
696e6e75
2928676e
74657220
656e7275
61662064
0065736c
65657246
534f5452
6d654420
5245206f
3a524f52
72417820
65764565
7247746e
5470756f
736b7361
6c697453
6e75526c
676e696e
72202928
72757465
2064656e
736c6166
00000065
65657246
534f5452
6d654420
5245206f
3a524f52
72417820
6f624165
65447472
5479616c
54747365
736b7361
6c697453
6e75526c
676e696e
72202928
72757465
2064656e
736c6166
00000065
65657246
534f5452
6d654420
5245206f
3a524f52
72417820
756f4365
6e69746e
6d655367
6f687061
61546572
53736b73
6c6c6974
6e6e7552
28676e69
65722029
6e727574
66206465
65736c61
00000000
65657246
534f5452
6d654420
5245206f
3a524f52
72417820
6e794465
63696d61
6f697250
79746972
6b736154
69745373
75526c6c
6e696e6e
20292867
75746572
64656e72
6c616620
00006573
65657246
534f5452
6d654420
5245206f
3a524f52
72417820
73654d65
65676173
66667542
4d417265
73615450
7453736b
526c6c69
696e6e75
2928676e
74657220
656e7275
61662064
0065736c
65657246
534f5452
6d654420
5245206f
3a524f52
73497820
75657551
65764f65
69727772
61546574
74536b73
526c6c69
696e6e75
2928676e
74657220
656e7275
61662064
0065736c
65657246
534f5452
6d654420
5245206f
3a524f52
72417820
65755165
65536575
6c6f5074
7361546c
7453736b
526c6c69
696e6e75
2928676e
74657220
656e7275
61662064
0065736c
65657246
534f5452
6d654420
5245206f
3a524f52
72417820
61745365
41636974
636f6c6c
6f697461
7361546e
7453736b
526c6c69
696e6e75
2928676e
74657220
656e7275
61662064
0065736c
65657246
534f5452
6d654420
5245206f
3a524f52
72417820
73615465
746f4e6b
63696669
6f697461
7361546e
7453736b
526c6c69
696e6e75
2928676e
74657220
656e7275
61662064
0065736c
65657246
534f5452
6d654420
5245206f
3a524f52
72417820
73615465
746f4e6b
63696669
6f697461
7272416e
61547961
53736b73
6c6c6974
6e6e7552
28676e69
65722029
6e727574
66206465
65736c61
00000000
65657246
534f5452
6d654420
5245206f
3a524f52
72417820
6d695465
65447265
61546f6d
53736b73
6c6c6974
6e6e7552
28676e69
65722029
6e727574
66206465
65736c61
00000000
65657246
534f5452
6d654420
5245206f
3a524f52
73497820
65746e49
70757272
72745374
426d6165
65666675
6d654472
6974536f
75526c6c
6e696e6e
20292867
75746572
64656e72
6c616620
00006573
65657246
534f5452
6d654420
5245206f
3a524f52
72417820
746e4965
75727265
65537470
6870616d
5465726f
736b7361
6c697453
6e75526c
676e696e
72202928
72757465
2064656e
736c6166
00000065
65657246
534f5452
6d654420
5245206f
3a524f52
67655220
65747369
65742072
31207473
000a0d2e
65657246
534f5452
6d654420
5245206f
3a524f52
67655220
65747369
65742072
32207473
000a0d2e
3a207325
0d642520
0000000a
31676552
00000000
32676552
00000000
63656843
0000006b
65657246
534f5452
6d654420
5553206f
53454343
00003a53
6c756e28
0000296c
6f6c662a
002a7461
000025b4
000025a0
000026ac
000026cc
000026c0
000027cc
000027b8
000028c0
000028e0
000028d4
00004a14
00004a14
00004acc
00004a78
00004ab8
00004a14
00004a14
00004acc
00004a78
00006960
00006a2c
00006ab4
00006b00
00006ba8
00006c54
00006d18
00006dec
02020100
03030303
04040404
04040404
05050505
05050505
05050505
05050505
06060606
06060606
06060606
06060606
06060606
06060606
06060606
06060606
07070707
07070707
07070707
07070707
07070707
07070707
07070707
07070707
07070707
07070707
07070707
07070707
07070707
07070707
07070707
07070707
08080808
08080808
08080808
08080808
08080808
08080808
08080808
08080808
08080808
08080808
08080808
08080808
08080808
08080808
08080808
08080808
08080808
08080808
08080808
08080808
08080808
08080808
08080808
08080808
08080808
08080808
08080808
08080808
08080808
08080808
08080808
08080808
00013b30
00013b4c
00013b4c
00013b40
00013b4c
00013b4c
00013b4c
00013b1c
00013b4c
00013b4c
00013b4c
00013b2c
00013b4c
00013b38
00013b4c
00013b4c
00013b18
00013cb0
00013d64
00013ee8
00013ee8
00013ee8
00013ee8
00013d64
00013ee8
00013ee8
00013ee8
00013ee8
00013ee8
00013f1c
00013ed8
00013ee8
00013ee8
00013cc8
00013ee8
00013e48
20000000
00000008
000061a8
20014bb0
00000000
00000002
00000114
00000000
00000000
00000000
2000001c
aaaaaaaa
200000d8
00000fff
00000001
00000001
0000ffff
0000ffff
00000001
00000001
00000001
00000001
00000001
00000001
ffffffff
00000001
00014fe4
